CodeSection,count,coverage_pct
19.2-306,259299,31.409622792354096
18.2-250,66993,39.52467475834
18.2-248,36371,43.930397073430726
18.2-95,17824,46.08946871138891
18.2-308.2,15391,47.95382416357778
19.2-128,14210,49.67512173849844
18.2-57,14204,51.3956925164135
18.2-374.1:1,11452,52.782905734428375
18.2-456(A)(6),9905,53.982726457833664
18.2-456,9641,55.15056811299271
18.2-172,9367,56.28521937156285
18.2-57.2,8741,57.344041475882456
18.2-91,8471,58.37015771495022
18.2-96,8154,59.357874845555635
18.2-137,8123,60.34183685829881
18.2-53.1,8026,61.31404898611818
18.2-178,7852,62.26518400077525
18.2-51,7744,63.20323666933159
18.2-460,7047,64.05685975240449
18.2-308.4,6753,64.87486978220316
19.2-123,6560,65.6695011749885
46.2-817(B),6363,66.44026939942341
B.46.2-301,5981,67.1647648811687
18.2-456(6),5906,67.88017540034402
18.2-58,5507,68.54725391864719
18.2-371.1,5125,69.16805969426072
A.18.2-266,5093,69.78498921917775
C.46.2-862,4996,70.39016885917097
18.2-103,4826,70.97475591733895
18.2-111,4731,71.54783535625167
18.2-192,4641,72.11001284008043
16.1-253.2,4464,72.6507498122441
18.2-248.1,4307,73.172468929428
18.2-67.3,4293,73.69249218693218
18.2-51.6,4149,74.19507231630206
18.2-308,4039,74.68432783390266
18.2-186.3,3574,75.11725658356954
A.46.2-862,3509,75.54231169900913
18.2-47,3463,75.96179470407249
18.2-456(A)(5),3451,76.37982411512465
18.2-472.1,3414,76.79337161130896
18.2-32,3058,77.16379581849456
54.1-3466,2976,77.52428713327035
19.2-152.4:1,2967,77.88368825253774
46.2-300,2940,78.23981878527994
18.2-456(5),2736,78.57123821983187
18.2-195,2724,78.9012040603726
53.1-203,2724,79.23116990091334
18.2-308.2:2,2661,79.55350437289532
A.46.2-852,2594,79.86772294498147
18.2-266,2512,80.1720086246578
C.18.2-266,2511,80.47617317149987
18.2-119,2471,80.77549240497129
18.2-374.3,2373,81.06294062068464
18.2-61,2372,81.35026770356373
18.2-67.1,2328,81.6322649417351
18.2-282,2210,81.8999685054631
18.2-51.2,2166,82.16234222448337
19.2-82.1,2101,82.41684230927635
18.2-370,2079,82.66867747171548
18.2-251,2032,82.9148193909441
3.2-6570,2031,83.16084017733847
18.2-371,1989,83.40177338469366
C.46.2-894,1935,83.63616541899847
18.2-168,1924,83.86922499212636
18.2-104,1872,84.09598565787242
18.2-108.01,1831,84.31777987741357
18.2-279,1816,84.53775710444073
19.2-358,1810,84.75700753446229
18.2-60.4,1806,84.97577343314678
18.2-272,1773,85.1905419483005
40.1-103,1743,85.40167647842624
19.2-303.3,1722,85.6102672190324
18.2-370.1,1680,85.81377038059937
18.2-268.3,1665,86.01545654965234
18.2-388,1654,86.2158102575284
19.2-135,1645,86.41507376989607
18.2-67.2,1641,86.61385275092667
18.2-56.1,1619,86.80996680960341
18.2-108,1576,87.00087215640671
B.18.2-266,1554,87.18911258085616
D.18.2-266,1489,87.36947937107833
18.2-154,1402,87.53930760471934
18.2-474.1,1393,87.70804564285196
G.46.2-870,1374,87.87448215713351
A.18.2-102,1328,88.03534656103884
18.2-374.1,1249,88.18664147103713
46.2-817,1242,88.33708845119558
A.46.2-1158,1223,88.48523390750297
18.2-94,1215,88.63241030113623
18.2-60,1210,88.77898103059816
18.2-250.1,1170,88.92070644668944
46.2-646,1089,89.05262010320517
63.2-522,1088,89.18441262688664
18.2-147,1011,89.30687792232963
46.2-301,977,89.42522470140756
46.2-862,958,89.54126995663445
18.2-170,956,89.6570729461928
18.2-83,956,89.77287593575114
A.46.2-707,955,89.88855779247523
18.2-63,925,90.00060566417133
19.2-305,924,90.11253240303317
A.46.2-853,920,90.22397461055793
D.46.2-894,908,90.33396322407151
G.46.2-878,906,90.44370957191656
18.2-146,901,90.55285025559029
18.2-280,892,90.6609007437556
18.2-200.1,887,90.76834556774959
18.2-258,868,90.87348886789253
18.2-258.1,857,90.97729970685855
18.2-415,848,91.08002035031616
46.2-894,814,91.17862247740872
18.2-48,806,91.27625554182717
18.2-164,781,91.37086028538896
18.2-193,774,91.46461709911088
63.2-502,712,91.55086367710831
18.2-121,704,91.63614119243162
46.2-817(A),697,91.72057077791506
18.2-286.1,694,91.8046369648957
18.2-181,660,91.8845846355113
18.2-23,641,91.96223078227584
18.2-53,637,92.03939239770332
18.2-102,633,92.11606948179373
18.2-255.2,631,92.19250430021562
J.18.2-266,627,92.26845458730044
A.18.2-268.3,626,92.34428374155098
18.2-90,621,92.4195072316302
F.46.2-870,613,92.4937616590353
46.2-830,595,92.5658356954236
46.2-833,584,92.63657727063497
46.2-391D2,572,92.70586525183516
18.2-308.1:4,568,92.77466870169829
3.2-6503,567,92.84335101872713
18.2-89,565,92.91179107008746
18.2-427,565,92.98023112144777
46.2-852,562,93.0483077743053
18.2-51.4,561,93.11626329432856
18.2-256,561,93.18421881435182
18.2-248.01,548,93.25059960752962
18.2-108.1,533,93.31516340819343
19.2-305.2,529,93.37924267752017
18.2-422,524,93.44271628267558
18.2-22,523,93.50606875499673
46.2-804,520,93.56905782881508
18.2-271.1,489,93.62829178477118
C.46.2-896,487,93.68728347505875
18.2-41,486,93.74615403251205
18.2-434,472,93.80332873028563
46.2-816,470,93.86026116239067
46.2-821,465,93.9165879303244
18.2-67.4,463,93.97267243258958
18.2-60.3,460,94.02839353635197
18.2-31,458,94.08387237444582
18.2-77,439,94.13704968868862
C.46.2-870,434,94.18962133876009
18.2-58.1,418,94.2402548634833
B.46.2-894,416,94.29064612253798
18.2-386.1,413,94.34067398308986
18.2-46.2,411,94.3904595779732
B.46.2-357,409,94.44000290718802
18.2-323.1,405,94.48906170506578
46.2-1158,396,94.53703030743513
C.46.2-878,385,94.58366644862757
18.2-387,381,94.62981805848293
18.2-178.1,359,94.67330474598445
18.2-361.01,353,94.71606463648037
19.2-298.02,353,94.75882452697628
46.2-613(1),352,94.80146328463793
18.2-248.03,343,94.84301184679119
46.2-869,334,94.88347021343606
18.2-308.1:3,333,94.92380744724665
46.2-722,328,94.96353901688592
18.2-461,328,95.00327058652519
18.2-98,326,95.04275989049592
18.2-456(A)(1),323,95.08188579596386
18.2-272A,319,95.12052717009473
18.2-92,307,95.1577149502144
46.2-391,305,95.19466046466555
18.2-460(E),301,95.23112144777963
46.2-715,301,95.26758243089373
18.2-287.4,299,95.30380114833928
G.46.2-875,297,95.33977760011629
18.2-250(A)(A),297,95.37575405189331
18.2-357.1,295,95.4114882380018
18.2-36,293,95.44698015844175
18.2-33,292,95.48235094604743
46.2-804(2),283,95.51663153814474
46.2-1094,279,95.55042759890496
18.2-366,278,95.58410252683092
18.2-51.1,276,95.61753518908836
18.2-152.3,270,95.65024105434019
A.46.2-870,268,95.6827046539235
46.2-818.2(C),267,95.71504712067252
18.2-52,261,95.74666279041597
18.2-431.1,261,95.77827846015941
18.2-42,259,95.80965186423433
46.2-870,251,95.8400562056351
18.2-26,249,95.87021828136734
46.2-600,243,95.899653560094
21-1/46.2-862,238,95.92848317464932
18.2-514,237,95.95719165637037
G.46.2-874,237,95.98590013809144
46.2-818.2A,235,96.01436635414396
18.2-81,233,96.04259030452795
3.2-6571,232,96.07069312207767
F.46.2-878,229,96.0984325411246
18.2-308.7,229,96.12617196017152
18.2-308.2(A),226,96.15354798071566
18.2-173,223,96.18056060275698
46.2-1003,223,96.20757322479831
32.1-314,219,96.23410131550258
54.1-1115,213,96.25990260920125
19.2-128(B),207,96.28497710589433
46.2-1052,206,96.30993046975313
18.2-255,202,96.33439930227487
18.2-109,202,96.35886813479662
A.46.2-104,199,96.38297356881556
18.2-456(1),197,96.40683673716597
18.2-117,196,96.43057877268213
18.2-300,196,96.45432080819828
46.2-868.1,192,96.47757831237735
18.2-246.3,192,96.50083581655643
18.2-57.02,188,96.52360878939845
60.2-632,187,96.5462606294062
46.2-391(D)(3),187,96.56891246941396
46.2-391(D)(1),184,96.59120091091891
18.2-369,180,96.6130048210868
18.2-290,179,96.63468759842043
18.2-479,173,96.65564357874845
18.2-429,171,96.67635729340795
18.2-46.6,169,96.69682874239892
18.2-472.1(B),168,96.71717905855562
18.2-19,165,96.73716597620951
B.46.2-104,164,96.75703176102914
18.2-462,162,96.77665528018025
E.18.2-266,159,96.79591540082855
A.46.2-878,157,96.81493325580831
46.2-1173,156,96.83382997795383
18.2-374.1:1(A),155,96.85260556726506
18.2-57(C),155,96.8713811565763
46.2-328,151,96.88967221455047
18.2-197,151,96.90796327252465
18.2-204.2,150,96.92613319766456
46.2-613,150,96.94430312280447
46.2-896,149,96.9623519151101
4.1-305,148,96.98027957458149
46.2-888,146,96.99796496838432
46.2-605,145,97.01552922935291
46.2-853,144,97.03297235748722
18.2-357,144,97.05041548562153
46.2-105.2,142,97.06761634808731
21-1/46.2-301,142,97.0848172105531
58.1-1017.1,142,97.10201807301887
A.46.2-864,142,97.11921893548465
46.2-802,141,97.13629866511617
C.46.2-875,140,97.15325726191341
18.2-386.2,138,97.16997359304213
46.2-613(2),132,97.18596312716525
46.2-612(1),131,97.20183152845411
46.2-861.1(A),131,97.21769992974296
46.2-612,130,97.23344719819754
18.2-152.7:1,130,97.24919446665213
18.2-22/18.2-58,130,97.26494173510672
18.2-97,127,97.28032560505851
18.2-308.1,127,97.2957094750103
18.2-323.02,126,97.31097221212782
46.2-825,125,97.32611381641108
63.2-513,125,97.34125542069434
18.2-248(C),124,97.35627589214333
A.18.2-272,124,97.37129636359232
18.2-387.1,123,97.38619570220705
8.01-356,122,97.4009739079875
18.2-272B,121,97.4156309809337
B.18.2-36.1,121,97.43028805387989
24.2-1016,120,97.44482399399182
18.2-85,118,97.45911766843521
54.1-111,118,97.4734113428786
A.46.2-863,117,97.48758388448773
18.2-311.1,116,97.5016352932626
46.2-707,113,97.51532330353466
16.1-292,113,97.52901131380672
F.18.2-266,112,97.54257819124452
18.2-361,112,97.55614506868231
19.2-304,112,97.56971194612011
18.2-59,111,97.58315769072365
18.2-251.4,110,97.59648230249292
21-1/46.2-613,109,97.60968578142791
18.2-346.01,109,97.62288926036291
33.2-802,108,97.63597160646364
E.46.2-894,108,97.64905395256439
18.2-347,107,97.66201516583085
46.2-902.1,105,97.67473411342878
18.2-186,104,97.68733192819245
18.2-80,103,97.69980861012186
2021-04-7-4,101,97.71204302638273
21-1/46.2-300,101,97.7242774426436
18.2-474,101,97.73651185890448
18.2-308.2:1,100,97.74862514233108
18.2-346,99,97.76061729292341
21-1/46.2-1158,97,97.77236717784723
23-22,96,97.78399592993676
18.2-272C,96,97.79562468202631
C.46.2-874,96,97.80725343411585
21-1/46.2-875,94,97.81863992053687
46.2-841,93,97.8299052741236
46.2-716,93,97.84117062771034
46.2-820,92,97.85231484846283
46.2-826,92,97.8634590692153
18.2-152,90,97.87436102429925
46.2-878,88,97.88502071371465
18.2-286,88,97.89568040313007
18.2-67.5:1,87,97.90621895971123
18.2-308.5:1,86,97.9166363834581
18.2-308.012,86,97.92705380720498
18.2-305,86,97.93747123095186
A.18.2-36.1,85,97.94776752186448
18.2-49.1,84,97.95794267994283
18.2-118,84,97.96811783802117
18.2-67.4:2,84,97.97829299609953
18.2-456 (6),83,97.9883470213436
46.2-1172,83,97.99840104658769
18.2-371.1(B),83,98.00845507183178
37.2-429,82,98.01838796424158
58.1-1017.3,81,98.02819972381714
46.2-357,81,98.0380114833927
53.1-131.1,80,98.04770211013397
18.2-181.1,78,98.05715047120673
A.46.2-865,77,98.06647769944522
18.2-36.1,77,98.07580492768369
A.46.2-860,77,98.08513215592218
A.46.2-1095,74,98.09409598565787
3.2-6503.1,74,98.10305981539356
18.2-416,74,98.11202364512926
F.46.2-875,73,98.12086634203067
18.2-23/18.2-95,73,98.12970903893209
A.46.2-861,73,98.13855173583352
F.46.2-874,72,98.14727329990068
29.1-335,70,98.1557525982993
21-1/46.2-804,70,98.16423189669791
18.2-370.5,70,98.17271119509654
46.2-302,70,98.18119049349517
18.2-460(A),69,98.18954865905953
16.1-253,68,98.19778569178962
58.1-3907,68,98.20602272451971
18.2-29,67,98.21413862441554
46.2-618,67,98.22225452431135
18.2-112,66,98.23024929137291
19.2-295.2,66,98.23824405843447
36-106,66,98.24623882549604
4.1-1100,65,98.25411245972333
A.46.2-875,65,98.26198609395063
18.2-266.1,65,98.26985972817792
18.2-174,64,98.27761222957095
3.2-6521,64,98.28536473096398
58.1-4018.1,64,98.293117232357
46.2-105,63,98.30074860091577
46.2-848,61,98.308137703806
18.2-312,60,98.31540567386196
B.46.2-896,60,98.32267364391792
18.2-308.2:01,60,98.32994161397389
21-1/46.2-878,59,98.33708845119558
46.2-875,59,98.34423528841728
G.46.2-873,59,98.35138212563898
46.2-818.2,59,98.35852896286067
"18.2-67.3(A,1)",58,98.3655546672481
62.1-44.32,58,98.37258037163554
18.2-188,58,98.37960607602297
18.2-282.1,58,98.3866317804104
18.2-456(A)(3),57,98.39353635196356
18.2-56.2,57,98.40044092351673
46.2-874,57,98.40734549506989
18.2-144,57,98.41425006662305
18.2-128,57,98.42115463817622
18.2-441.1,57,98.42805920972938
46.2-1049,57,98.43496378128255
18.2-152.4,56,98.44174722000146
18.2-86,55,98.44840952588609
3.2-6570(A)(I),55,98.45507183177072
18.2-172.2,55,98.46173413765536
18.2-436,54,98.46827531070572
1-200,54,98.47481648375609
18.2-130,53,98.48123652397219
18.2-264,53,98.48765656418828
18.2-474.2,52,98.49395547157012
18.2-57(A),51,98.5001332461177
46.2-846,50,98.506189887831
18.2-103.1,50,98.5122465295443
18.2-46.3,49,98.51818203842333
16.1-253.1,49,98.52411754730237
18.2-115,49,98.53005305618142
21-1/46.2-874,49,98.53598856506045
46.2-817B,48,98.54180294110522
46.2-1075,48,98.54761731714999
18.2-456 (A6),48,98.55343169319475
46.2-830.1,48,98.55924606923953
18.2-478,47,98.56493931245004
46.2-104,47,98.57063255566054
A.46.2-874,46,98.57620466603677
18.2-212,46,98.58177677641301
29.1-521,46,98.58734888678926
46.2-1074,46,98.59292099716549
18.2-55,46,98.59849310754173
18.2-308.2:5,44,98.60382295224943
63.2-523,44,98.60915279695715
46.2-1043,44,98.61448264166485
16.1-69.24,44,98.61981248637255
18.2-60.5,43,98.625021198246
3.2-6540,43,98.63022991011944
18.2-67,43,98.63543862199288
18.2-51.2(A),43,98.64064733386631
A.46.2-859,43,98.64585604573976
A.46.2-1157,42,98.65094362477893
18.2-147.1,42,98.6560312038181
18.2-26/18.2-51,42,98.66111878285729
29-17,41,98.66608522906219
58.1-1017,41,98.6710516752671
3.2-6504,41,98.67601812147201
18.2-64.2,40,98.68086343484265
B.18.2-102,40,98.68570874821329
18.2-47(A),40,98.69055406158394
46.2-711,39,98.69527824212031
18.2-35,38,98.69988128982241
46.2-111,38,98.70448433752453
18.2-456(3),38,98.70908738522664
18.2-460(B),38,98.71369043292874
18.2-374,38,98.71829348063086
21-1/46.2-852,38,98.72289652833297
46.2-938,38,98.72749957603509
18.2-187.1,38,98.73210262373719
18.2-355,38,98.7367056714393
46.2-324,37,98.74118758630715
54.1-2409.1,37,98.74566950117499
23-22(18.2-388),36,98.75003028320856
18.2-349,36,98.75439106524215
46.2-864,36,98.75875184727572
46.2-1013,36,98.7631126293093
3.2-6570(A),36,98.76747341134288
53.1-116.3,35,98.7717130605422
46.2-895,35,98.7759527097415
18.2-152.5,35,98.78019235894081
25-282,35,98.78443200814013
2026-04-23 00:00:00,35,98.78867165733944
18.2-308.4(A),35,98.79291130653876
18.2-192(1)(A),35,98.79715095573806
3.2-6524,35,98.80139060493737
18.2-57.3,35,98.80563025413669
B.18.2-268.3,34,98.80974877050173
18.2-374.1:1(B),34,98.81386728686678
21-1/46.2-833,34,98.81798580323182
46.2-1030,33,98.82198318676261
46.2-1014,33,98.82598057029338
18.2-438,32,98.8298568209899
3.2-6571(A1),32,98.83373307168641
18.2-137(B)(I),32,98.83760932238293
18.2-152.14,32,98.84148557307944
18.2-479.1,32,98.84536182377595
46.2-838,32,98.84923807447247
18.2-127,31,98.85299319233471
3.2-6569,31,98.85674831019696
46.2-803.1,31,98.8605034280592
18.2-348,31,98.86425854592146
18.2-95(II),31,98.8680136637837
18.2-265.3,31,98.87176878164595
58.1-4018,31,98.8755238995082
18.2-22/18.2-91,30,98.87915788453618
18.2-370.2,30,98.88279186956416
18.2-213.2,30,98.88642585459215
23-7.1,30,98.89005983962012
18.2-270.1,30,98.89369382464811
C.46.2-873,30,98.89732780967609
4.1-1105.1,30,98.90096179470407
18.2-67.5,30,98.90459577973205
18.2-370.6,29,98.90810863192577
18.2-144.1,29,98.91162148411948
A.46.2-819.1,29,98.9151343363132
46-157,29,98.91864718850691
18.2-356,29,98.92216004070063
C.46.2-707,29,98.92567289289435
B.46.2-1095,29,98.92918574508806
18.2-153,29,98.93269859728179
23-10,29,98.9362114494755
18.2-138,29,98.93972430166922
4.1-306,29,98.94323715386292
18.2-473.2,29,98.94675000605665
23-22.1,29,98.95026285825035
16-3.1,28,98.95365457760981
46.2-806,28,98.95704629696925
A.46.2-1030,28,98.96043801632871
21-1/18.2-266,28,98.96382973568815
21-1/46.2-825,27,98.96710032221334
21-1/46.2-870,27,98.97037090873852
46.2-835,27,98.9736414952637
18.2-250(A),27,98.9769120817889
54-32,27,98.98018266831407
46.2-1565,27,98.98345325483926
18.2-447,27,98.98672384136444
46.2-1564,26,98.98987329505536
19.2-100,26,98.99302274874627
18.2-362,26,98.9961722024372
18.2-178.2,25,98.99920052329385
21-1/46.2-816,25,99.0022288441505
18.2-51.6(A),25,99.00525716500715
A.46.2-357,25,99.0082854858638
46.2-878.2,25,99.01131380672045
C.18.2-248,25,99.0143421275771
16.1-279.1,25,99.01737044843375
18.2-374.4,25,99.02039876929041
46-209,25,99.02342709014705
46.2-1561,25,99.02645541100371
18.2-472.1(A),25,99.02948373186035
46.2-349,25,99.03251205271701
4.1-1107,25,99.03554037357367
19.2-182.8,25,99.03856869443031
46.2-877,25,99.04159701528697
46.2-878.1,25,99.04462533614361
18.2-435,25,99.04765365700027
18.2-182,25,99.05068197785691
29-73.1,24,99.0535891658793
18.2-126,24,99.0564963539017
18.2-204.1,24,99.05940354192407
21-1/46.2-646,24,99.06231072994646
19.2-295.2:1,24,99.06521791796885
B.46.2-1112,24,99.06812510599123
18.2-456 A6,24,99.07103229401362
18.2-370(A),24,99.073939482036
A.46.2-829,24,99.07684667005839
C.46.2-881,24,99.07975385808078
18.2-79,23,99.08253991326889
27-100,23,99.08532596845701
18.2-67.1(A)(1),23,99.08811202364512
18.2-162,23,99.09089807883325
19.2-266.4,23,99.09368413402137
B.46.2-1158,23,99.09647018920948
46.2-845,23,99.09925624439761
46.2-308,22,99.10192116675145
18.2-196,22,99.10458608910531
46.2-665,22,99.10725101145917
46.2-1095,22,99.10991593381301
A.46.2-856,22,99.11258085616687
46.2-863,22,99.11524577852073
18.2-93,22,99.11791070087457
5-530,22,99.12057562322843
46.2-865.1,22,99.12324054558229
18.2-165.2,22,99.12590546793614
18.2-260.1,22,99.12857039029
46.2-915.1,22,99.13123531264384
29.1-553,22,99.1339002349977
18.2-308(A),22,99.13656515735155
29.1-550,21,99.13910894687113
999999999999999,21,99.14165273639072
28.2-201,21,99.14419652591032
29.1-564,21,99.1467403154299
46.2-613(3),21,99.14928410494949
18.2-132,21,99.15182789446908
18.2-371.2,21,99.15437168398866
18.2-152.5:1,21,99.15691547350825
46.2-1002,21,99.15945926302784
18.2-371.1(A),21,99.16200305254742
18.2-456 (A5),20,99.16442570923275
18.2-248.5,20,99.16684836591807
18.2-195.2,20,99.16927102260338
18.2-186.3(D),20,99.17169367928871
46.2-1053,20,99.17411633597403
B.46.2-817,20,99.17653899265935
23-11,20,99.17896164934467
46.2-712,20,99.18138430603
21-1/46.2-707,20,99.18380696271531
19.2-62,20,99.18622961940063
4.1-308,20,99.18865227608596
46.2-861.1,20,99.19107493277127
19.2-152,19,99.19337645662233
18.2-134,19,99.19567798047339
19.2-161,19,99.19797950432444
18.2-308.4(C),19,99.2002810281755
18.2-248 (C),19,99.20258255202656
18.2-308.4(B),19,99.2048840758776
18.2-26/18.2-58,19,99.20718559972866
54-33,19,99.20948712357972
A.46.2-854,19,99.21178864743078
46.2-1559,18,99.21396903844756
18.2-186.4,18,99.21614942946435
16.1-285.2,18,99.21832982048115
46.2-1034,18,99.22051021149792
46.2-1157,18,99.22269060251472
F.46.2-873,18,99.22487099353151
2021-04-5-7,18,99.22705138454829
A.46.2-1052,17,99.22911064273082
3.2-6587,17,99.23116990091334
19.2-99,17,99.23322915909587
21-1/46.2-818.2,17,99.23528841727838
A.46.2-301,17,99.23734767546091
21-1/46.2-821,17,99.23940693364344
18.2-314,17,99.24146619182595
32.1-27,17,99.24352545000848
18.2-405,17,99.245584708191
3.2-6554,17,99.24764396637353
18.2-417,17,99.24970322455604
25-224,17,99.25176248273857
46.2-824,17,99.2538217409211
46.2-808.1,17,99.25588099910361
46.2-1080,16,99.25781912445187
18.2-152.7:2,16,99.25975724980013
24-13,16,99.26169537514839
46.2-730,16,99.26363350049664
18.2-171,16,99.2655716258449
33.2-501B,16,99.26750975119316
46.2-341.7,16,99.26944787654142
46.2-924,16,99.27138600188967
2021-04-5-14,16,99.27332412723793
16.1-253.4,16,99.27526225258619
23-43,16,99.27720037793445
18.2-311,16,99.2791385032827
19.2-270.4:1,16,99.28107662863096
18.2-108(A),16,99.28301475397922
46.2-861.1(B),15,99.28483174649321
4.1-1101,15,99.28664873900719
46.2-844,15,99.28846573152119
46.2-329,15,99.29028272403518
46.2-1156,15,99.29209971654917
46.2-1040,15,99.29391670906315
5-38,15,99.29573370157715
18.2-60.4(A),15,99.29755069409114
46.2-833.1,15,99.29936768660514
18.2-282(A),15,99.30118467911912
18.2-151,15,99.30300167163311
18.2-408,15,99.3048186641471
18.2-26/18.2-91,15,99.3066356566611
22.1-254,15,99.30845264917508
18.2-328,14,99.31014850885481
29-10,14,99.31184436853454
13-23,14,99.31354022821426
18.2-287.2,14,99.31523608789398
21-1/46.2-1052,14,99.3169319475737
18.2-323.01,14,99.31862780725343
18.2-423.01,14,99.32032366693316
2021-04-5-3(2),14,99.32201952661288
18.2-376.1,14,99.3237153862926
3.2-6538,14,99.32541124597233
54-31,13,99.3269859728178
46.2-346,13,99.32856069966326
46.2-849,13,99.3301354265087
46.2-617,13,99.33171015335417
18.2-308.1:2,13,99.33328488019963
46.2-865,13,99.33485960704509
46.2-928,13,99.33643433389055
18.2-258.02,13,99.338009060736
55.1-2820,13,99.33958378758146
19.2-315,13,99.34115851442692
A.46.2-873,13,99.34273324127238
18.2-82,13,99.34430796811783
18.2-477.2,13,99.3458826949633
48-3,13,99.34745742180876
"18.2-67.1(A,2)",12,99.34891101581995
18.2-27,12,99.35036460983115
29.1-523,12,99.35181820384233
5-305,12,99.35327179785352
46.2-1078,12,99.35472539186472
24.2-1012,12,99.35617898587591
"18.2-67.3(A,3)",12,99.35763257988711
18.2-268,12,99.35908617389829
18.2-272(A),12,99.36053976790949
18.2-374.3(C),12,99.36199336192068
60.2-518,12,99.36344695593188
46.2-703D,12,99.36490054994307
13-60,12,99.36635414395425
46.2-1011,12,99.36780773796545
18.2-331,12,99.36926133197665
21-1/46.2-612,12,99.37071492598784
8-128,12,99.37216851999904
19.2-132,12,99.37362211401022
18.2-308.2:2(K),12,99.37507570802141
46.2-1079,12,99.37652930203261
18.2-461.1,12,99.3779828960438
24-6,12,99.379436490055
18.2-186.3(B1),12,99.38089008406618
18.2-287.01,12,99.38234367807738
18.2-189,12,99.38379727208857
A.46.2-341.24,12,99.38525086609977
4VAC15-40-290,12,99.38670446011096
18.2-67.2(A)(1),12,99.38815805412214
25-152,12,99.38961164813334
18.2-54.2,12,99.39106524214453
18.2-456 A5,11,99.39239770332146
21-1/46.2-715,11,99.3937301644984
18.2-56,11,99.39506262567532
18.2-159,11,99.39639508685224
25-280,11,99.39772754802917
18.2-308.1:8,11,99.3990600092061
18.2-304,11,99.40039247038303
A.46.2-857,11,99.40172493155995
46.2-860,11,99.40305739273687
32.1-321.4,11,99.4043898539138
18.2-40,11,99.40572231509073
18.2-151.1,11,99.40705477626766
"18.2-67.1(A,1)",11,99.40838723744459
46.2-341.7(A),11,99.40971969862152
46.2-1077,11,99.41105215979843
53.1-28,11,99.41238462097536
46.2-335(C),11,99.41371708215229
21-1/46.2-830,11,99.41504954332922
18.2-56.1(A),11,99.41638200450615
18.2-406,11,99.41771446568306
46.2-606,11,99.41904692685999
A.46.2-1112,11,99.42037938803692
7-35,11,99.42171184921385
18.2-374.3(D),10,99.42292317755651
16-3.1/36-106,10,99.42413450589918
2003-10-03 00:00:00,10,99.42534583424182
46.2-910,10,99.42655716258449
46.2-808,10,99.42776849092715
46.2-868,10,99.42897981926981
2021-04-7-7,10,99.43019114761248
21-1/18.2-272,10,99.43140247595514
19.2-128(C),10,99.43261380429779
4.1-1109,10,99.43382513264045
18.2-374.1:1(C),10,99.43503646098311
4.1-304,10,99.43624778932578
5-200,10,99.43745911766844
18.2-456(A)(4),10,99.4386704460111
18.2-96.1,10,99.43988177435375
63.2-1513,10,99.44109310269641
23-48,10,99.44230443103908
18.2-309,10,99.44351575938174
18.2-473,10,99.4447270877244
5610.1,10,99.44593841606707
18.2-248.02,10,99.44714974440971
18.2-22/18.2-95,10,99.44836107275238
17-7 (18.2-388),10,99.44957240109504
18.2-404,10,99.4507837294377
3.2-6570(F),10,99.45199505778037
29-48,10,99.45320638612303
18.2-186.3(A),10,99.45441771446568
"18.2-67.2(A,1)",10,99.45562904280834
17-7,10,99.456840371151
18.2-194,10,99.45805169949367
46.2-861,10,99.45926302783633
46.2-1242,10,99.46047435617899
46.2-613(4),10,99.46168568452164
18.2-216,10,99.4628970128643
18.2-462.1,9,99.4639872083727
18.2-169,9,99.4650774038811
53.1-131.2,9,99.4661675993895
10-43,9,99.46725779489789
14-4,9,99.46834799040629
43-13,9,99.46943818591467
18.2-195(1),9,99.47052838142307
18.2-374.1:1(D),9,99.47161857693146
19.2-303.6,9,99.47270877243986
18.2-59.1,9,99.47379896794826
18.2-55.1,9,99.47488916345665
18.2-163,9,99.47597935896503
23-14,9,99.47706955447343
18.2-280(A),9,99.47815974998183
46.2-330,9,99.47924994549022
18.2-257,9,99.48034014099862
3.2-6552,9,99.48143033650702
10-3-0830,9,99.48252053201541
18.2-58(2),9,99.4836107275238
18.2-63(A),9,99.4847009230322
21-1/46.2-873,9,99.48579111854059
46.2-703,9,99.48688131404899
53.1-203(5),9,99.48797150955738
466.07,9,99.48906170506578
46.2-1054,9,99.49015190057418
46.2-301.1,9,99.49124209608256
18.2-295,9,99.49233229159096
46.2-341.21,9,99.49342248709935
H.46.2-878,9,99.49451268260775
46.2-1070,9,99.49560287811615
46.2-873,8,99.49657194079028
46-42,8,99.4975410034644
21-1/46.2-853,8,99.49851006613852
37.2-912,8,99.49947912881265
2026-10-06 00:00:00,8,99.50044819148678
16.1-278.16,8,99.50141725416091
19.2-298,8,99.50238631683504
18.2-22/18.2-51,8,99.50335537950917
29.1-520,8,99.5043244421833
2026-06-25 00:00:00,8,99.50529350485742
18.2-22/47,8,99.50626256753155
A.18.2-91,8,99.50723163020568
3.2-6540.1,8,99.50820069287981
B.46.2-862,8,99.50916975555394
19.2-152.10,8,99.51013881822807
13-200,8,99.5111078809022
10-42,8,99.51207694357633
A.18.2-95,8,99.51304600625045
18.2-26/18.2-95,8,99.51401506892458
19.2-303.2,8,99.51498413159871
8-70,8,99.51595319427284
2020-05-7-4,8,99.51692225694697
21-1/46.2-835,8,99.5178913196211
18.2-456(A6),8,99.51886038229523
46.2-341.24,8,99.51982944496935
21-1/46.2-104,8,99.52079850764348
"18.2-61(A,I)",8,99.5217675703176
21-1/46.2-1094,8,99.52273663299174
18.2-107,8,99.52370569566587
46.2-1139,8,99.52467475834
29.1-338,8,99.52564382101413
24-12,8,99.52661288368826
13.1-520,8,99.52758194636237
13.1-502,8,99.5285510090365
18.2-248(G),8,99.52952007171064
D.46.2-862,8,99.53048913438477
18.2-67.3(A)(3),8,99.5314581970589
21-1/46.2-818,8,99.53242725973303
18.2-480,8,99.53339632240716
40-17,8,99.53436538508129
25-217,8,99.5353344477554
2026-05-25 00:00:00,8,99.53630351042953
18.2-409,8,99.53727257310366
18.2-88,8,99.5382416357778
46.2-706,8,99.53921069845192
18.2-289,8,99.54017976112605
24-33,8,99.54114882380019
19.1-52,7,99.54199675364003
46.2-656,7,99.5428446834799
55.1-2838,7,99.54369261331976
18.2-22/18.2-90,7,99.54454054315963
23-7.3,7,99.54538847299949
"18.2-137(B,II)",7,99.54623640283936
18.2-196.1,7,99.54708433267922
28-27,7,99.54793226251908
18.2-57.2(A),7,99.54878019235895
27-67,7,99.5496281221988
16.1-291,7,99.55047605203866
4-243,7,99.55132398187853
46.2-359,7,99.55217191171839
27-10,7,99.55301984155825
18.2-195(1)(A),7,99.55386777139812
29.1-525,7,99.55471570123798
53.1-203(6),7,99.55556363107785
19.2-152.16,7,99.55641156091771
18.2-60(A)(1),7,99.55725949075756
21-1/46.2-826,7,99.55810742059742
29.1-738,7,99.55895535043729
29-8,7,99.55980328027715
19.2-82,7,99.56065121011702
18.2-251.3,7,99.56149913995688
6-50,7,99.56234706979674
10-3-0874,7,99.56319499963661
74-73,7,99.56404292947646
23-7.3(18.2-460,7,99.56489085931632
13.1-507,7,99.56573878915619
46.2-805,7,99.56658671899605
33.1-346,7,99.56743464883591
Z.18.2-32,7,99.56828257867578
4.1-300,7,99.56913050851564
18.2-113,7,99.5699784383555
46.2-335,7,99.57082636819537
18.2-97.1,7,99.57167429803522
21-1/46.2-1095,7,99.57252222787508
18.2-54.1,7,99.57337015771495
5-79,7,99.57421808755481
46.2-843,7,99.57506601739468
46.2-818(1),7,99.57591394723454
18.2-60.4(C),7,99.5767618770744
2026-04-21 00:00:00,7,99.57760980691427
3.2-6518,7,99.57845773675412
4.1-302,7,99.57930566659398
18.2-25/18.2-31,7,99.58015359643385
18.2-498.3,7,99.58100152627371
24-258,7,99.58184945611357
46-182,7,99.58269738595344
46.2-897,7,99.5835453157933
21-1/46.2-1030,7,99.58439324563317
25-191,7,99.58524117547303
18.2-108.01(A),6,99.58596797247861
18.2-137(B),6,99.58669476948421
18.2-174.1,6,99.58742156648981
19.2-128 (C),6,99.5881483634954
18.2-67.4:1,6,99.588875160501
5-532,6,99.5896019575066
18.2-464,6,99.5903287545122
18.2-366(B),6,99.5910555515178
18.2-22/18.2-32,6,99.5917823485234
46.2-1543,6,99.592509145529
13-1-5,6,99.59323594253458
5-77,6,99.59396273954017
18.2-67.3(A)(5),6,99.59468953654577
46.2-834,6,99.59541633355137
16-41.2,6,99.59614313055697
3.2-6540.1(D),6,99.59686992756257
46.2-818,6,99.59759672456816
18.2-48(II),6,99.59832352157376
16-8-12,6,99.59905031857936
18.2-510,6,99.59977711558496
13-41,6,99.60050391259054
22.1-289.027(3),6,99.60123070959614
54-66,6,99.60195750660174
18.2-57(E),6,99.60268430360733
10-3-3,6,99.60341110061293
62.1-194.1,6,99.60413789761853
18.2-251.5,6,99.60486469462413
"18.2-192(1,A)",6,99.60559149162972
13-62,6,99.60631828863532
18.1-44,6,99.60704508564092
23-10(18.2-415),6,99.6077718826465
46.2-915.2,6,99.6084986796521
G.46.2-881,6,99.6092254766577
18.2-246,6,99.6099522736633
46.2-1063,6,99.6106790706689
44-146.17,6,99.61140586767449
18.2-160.1,6,99.61213266468009
4.1-318,6,99.61285946168569
18.2-472,6,99.61358625869129
18.2-311.2,6,99.61431305569688
23-50,6,99.61503985270248
18.2-428,6,99.61576664970806
29.1-530.1,6,99.61649344671366
18.2-324,6,99.61722024371926
4 VAC20-720-80,6,99.61794704072486
3-47,6,99.61867383773046
4-23,6,99.61940063473605
24-7,6,99.62012743174165
29.1-548,6,99.62085422874725
14.2-16,6,99.62158102575285
4.1-313,6,99.62230782275844
18.2-195.1,6,99.62303461976403
18.2-248(D),6,99.62376141676963
46.2-889,6,99.62448821377522
99VCC999.010,6,99.62521501078082
18.2-137(B)(II),6,99.62594180778642
25-656.2,6,99.62666860479202
"18.2-61(A,1)",6,99.62739540179761
6-28,6,99.62812219880321
16-40,6,99.62884899580881
40-3,6,99.6295757928144
55-73,6,99.63030258981999
6.1-79,6,99.63102938682559
46.2-1163,6,99.63175618383119
4-185,6,99.63248298083678
21-1/46.2-716,6,99.63320977784238
4-365,6,99.63393657484798
33.2-503,6,99.63466337185358
A.46.2-865.1,5,99.63526903602491
A.18.2-67.3,5,99.63587470019624
23-2,5,99.63648036436757
46.2-612(2),5,99.6370860285389
2021-04-7.5,5,99.63769169271022
46.2-1239,5,99.63829735688155
18.2-112.1,5,99.63890302105288
21-1/46.2-335,5,99.63950868522421
46.2-391D2I,5,99.64011434939555
5-1 (36-106),5,99.64072001356688
18.2-460(C),5,99.64132567773821
18.2-77(A)(I),5,99.64193134190954
4-62 (3.2-6521),5,99.64253700608087
4-40 (3.2-6524),5,99.6431426702522
612.13,5,99.64374833442353
18.2-193(1)(C),5,99.64435399859487
38-3(18.2-280),5,99.64495966276618
16.1-285.1,5,99.64556532693751
21-1/46.2-817,5,99.64617099110885
29.1-735,5,99.64677665528018
18.2-371.3,5,99.64738231945151
46.2-923,5,99.64798798362284
23-31,5,99.64859364779417
21-1/46.2-1173,5,99.6491993119655
46.2-818.2(E),5,99.64980497613683
52-8.4,5,99.65041064030817
4-47,5,99.6510163044795
18.2-67.2(A)(2),5,99.65162196865083
5-25,5,99.65222763282215
9.1.N,5,99.65283329699348
46.2-1020,5,99.65343896116481
15-126,5,99.65404462533614
18.2-26/370,5,99.65465028950747
16-41.1,5,99.6552559536788
46.2-341.20:5,5,99.65586161785014
18.2-152.6,5,99.65646728202147
19.2-123(D),5,99.6570729461928
46.2-752,5,99.65767861036413
46.2-391D(2)(II,5,99.65828427453546
4.1-322,5,99.65888993870679
4-31,5,99.65949560287811
18.2-456(A5),5,99.66010126704944
A.46.2-894,5,99.66070693122077
46.2-817A,5,99.6613125953921
2026-05-21 00:00:00,5,99.66191825956344
46.2-1014.1,5,99.66252392373477
21-1/46.2-391,5,99.6631295879061
18.2-102.1,5,99.66373525207743
46.2-371,5,99.66434091624876
6-62,5,99.6649465804201
46.2-822,5,99.66555224459142
28-29,5,99.66615790876276
40.1-29,5,99.66676357293407
18.2-26/18.2-89,5,99.6673692371054
18.2-246.3(A),5,99.66797490127674
5.24,5,99.66858056544807
74-208,5,99.6691862296194
16.1-10,5,99.66979189379073
24-7602,5,99.67039755796206
4.1-309,5,99.6710032221334
46.2-861.1(A)C,5,99.67160888630472
46.2-116,5,99.67221455047606
46.2-391D(2)(I),5,99.67282021464739
46.2-1137,5,99.67342587881872
18.2-67.10,5,99.67403154299004
18.2-105.2,5,99.67463720716137
5-543,5,99.6752428713327
46.2-662,5,99.67584853550403
14-10,5,99.67645419967536
4-307,5,99.6770598638467
46.2-903,5,99.67766552801803
A.18.2-51.2,5,99.67827119218936
5-533,5,99.67887685636069
7-7.1,5,99.67948252053202
21-1/46.2-613(1,5,99.68008818470335
38-3,5,99.68069384887468
18.2-29/18.2-61,5,99.681299513046
18.2-146.1,5,99.68190517721733
Z.18.2-91,5,99.68251084138866
A.46.2-1110,5,99.68311650556
18.2-370(A)(1),5,99.68372216973133
18.2-26/18.2-32,5,99.68432783390266
54.1-3904,5,99.68493349807399
18.2-414.1,5,99.68553916224532
18.2-58(4),5,99.68614482641665
"18.2-67.2(A,2)",5,99.68675049058798
46.2-816.1,5,99.68735615475931
2026-04-12 00:00:00,4,99.68784068609638
99VCC999.133,4,99.68832521743344
18.2-58(3),4,99.6888097487705
18.2-248.1:1,4,99.68929428010756
18.2-370(2),4,99.68977881144463
21-1/46.2-1003,4,99.69026334278169
18.2-125,4,99.69074787411876
21-1/46.2-865,4,99.69123240545582
46.2-1010,4,99.69171693679289
6.2-943,4,99.69220146812995
21-1/18.2-268.3,4,99.69268599946702
23-14(18.2-415),4,99.69317053080408
29.1-740,4,99.69365506214115
7-46,4,99.69413959347821
21-1/46.2-1172,4,99.69462412481528
004-22,4,99.69510865615234
18.2-374.1(B)(1,4,99.69559318748941
22-67,4,99.69607771882646
58.1-3700,4,99.69656225016352
29.1-519,4,99.69704678150059
5-531,4,99.69753131283765
29.1-748,4,99.69801584417472
18.2-87,4,99.69850037551178
10.1-1418.2,4,99.69898490684885
46.2-866,4,99.69946943818591
10-45,4,99.69995396952298
18.2-322,4,99.70043850086005
14.2-81,4,99.70092303219711
16.1-253.2(C),4,99.70140756353418
54.1-703,4,99.70189209487124
23-7,4,99.7023766262083
2026-04-13 00:00:00,4,99.70286115754537
2020-05-10-1,4,99.70334568888242
46.2-698,4,99.70383022021949
7-38,4,99.70431475155655
78-158/78-153,4,99.70479928289362
18.2-374.3(A),4,99.70528381423068
26.8,4,99.70576834556775
46.2-1066,4,99.70625287690481
"18.2-61(A,III)",4,99.70673740824188
18.2-248(H)(5),4,99.70722193957894
21-1/46.2-1002,4,99.70770647091601
21-1/46.2-878.2,4,99.70819100225307
4-96,4,99.70867553359014
"18.2-61 (A,I)",4,99.7091600649272
18.2-477,4,99.70964459626427
18.2-110.1,4,99.71012912760133
6.1-76,4,99.71061365893839
19.2-19,4,99.71109819027545
18.2-374.3(B),4,99.71158272161252
24.2-1004,4,99.71206725294958
CIVIL IN NATURE,4,99.71255178428665
18.2-95(III),4,99.71303631562371
18.2-414,4,99.71352084696078
18.2-456(A)(2),4,99.71400537829784
19.2-129,4,99.7144899096349
36.2-315,4,99.71497444097197
18.2-283.1,4,99.71545897230904
26-34,4,99.7159435036461
3-2 (55.1-2820),4,99.71642803498317
28.2-527,4,99.71691256632023
13.1-1007,4,99.7173970976573
33.2-503-4,4,99.71788162899435
46.2-1544,4,99.71836616033141
2021-04,4,99.71885069166848
46.2-720,4,99.71933522300554
3.2-6531,4,99.71981975434261
18.2-57.2(B),4,99.72030428567967
23-32(A),4,99.72078881701674
58-16,4,99.7212733483538
46.2-862(I),4,99.72175787969087
18.2-250(A)(B1),4,99.72224241102793
8.01-654,4,99.722726942365
40-3(B),4,99.72321147370207
46.2-1060,4,99.72369600503913
5-80,4,99.7241805363762
16.2-253.2,4,99.72466506771326
33.2-804,4,99.72514959905031
4-74,4,99.72563413038738
18.2-308.2:4,4,99.72611866172444
18.2-370.1(A),4,99.72660319306151
13-61,4,99.72708772439857
21-146.2-862,4,99.72757225573564
74-436,4,99.7280567870727
18.2-49,4,99.72854131840977
B.46.2-1110,4,99.72902584974683
19.2-182.3,4,99.7295103810839
18.2-27/18.2-96,4,99.72999491242096
10.1-1143,4,99.73047944375803
18.2-52.1,4,99.7309639750951
21-1/46.2-804(2,4,99.73144850643216
74-11,4,99.73193303776922
46.2-1550,4,99.73241756910627
18.2-456(4),4,99.73290210044334
46.2-348,4,99.7333866317804
46.2-703(D)(2),4,99.73387116311747
29.1-703,4,99.73435569445454
18.2-60.4(B),4,99.7348402257916
18.2-248(C)(4),4,99.73532475712867
21-1/46.2-341.7,4,99.73580928846573
54.1-1135,4,99.7362938198028
21-1/46.2-1014,4,99.73677835113986
18.2-67.3(A)(1),4,99.73726288247693
B.46.2-804,4,99.73774741381399
18.2-96(2),4,99.73823194515106
46.2-1078.1,4,99.73871647648812
24.2-1002.1,4,99.73920100782519
74-243,4,99.73968553916225
25-19,4,99.7401700704993
31-10,4,99.74065460183637
"18.2-61(A,II)",3,99.74101800033917
24-9,3,99.74138139884197
18.2-460E,3,99.74174479734477
16.1-133.1,3,99.74210819584756
21-1/46.2-722,3,99.74247159435036
24-2,3,99.74283499285316
18.2-60.1,3,99.74319839135596
2026-06-13 00:00:00,3,99.74356178985876
21-1/46.2-928,3,99.74392518836156
18.2-192(1)(D),3,99.74428858686436
2026-04-04 00:00:00,3,99.74465198536716
21-1/46.2-888,3,99.74501538386995
58-165,3,99.74537878237275
13-10,3,99.74574218087555
29.1-702.1,3,99.74610557937835
"18.2-370(D,II)",3,99.74646897788115
2026-05-24 00:00:00,3,99.74683237638395
16-7,3,99.74719577488673
B.46.2-852,3,99.74755917338953
A.46.2-341.26:3,3,99.74792257189233
28.2-1210,3,99.74828597039513
11.1-2,3,99.74864936889793
19-2-306,3,99.74901276740073
18.2-137(A),3,99.74937616590353
23-55,3,99.74973956440633
29.1-521 (10),3,99.75010296290912
19.2-358(E),3,99.75046636141192
18.2-32.2,3,99.75082975991472
18.2-32.1,3,99.75119315841752
58.1-348,3,99.75155655692032
18.2-306,3,99.75191995542312
18.2-48.1,3,99.75228335392592
23-32,3,99.75264675242872
18.2-308.1:4(B),3,99.75301015093152
18.2-204.2(C),3,99.75337354943431
6-46,3,99.75373694793711
37-4,3,99.75410034643991
29.1-738.01,3,99.7544637449427
21-1/46.2-896,3,99.7548271434455
25-166,3,99.7551905419483
25-218,3,99.7555539404511
10-3-0875,3,99.75591733895389
18.2-431,3,99.75628073745669
18.2-46,3,99.75664413595949
23-8.1,3,99.75700753446229
18.2-271,3,99.75737093296509
15.2-926,3,99.75773433146789
18.2-456(A),3,99.75809772997069
4VAC15-370-50,3,99.75846112847348
29.1-702,3,99.75882452697628
5-544,3,99.75918792547908
18.2-190.2,3,99.75955132398188
18.2-317.1,3,99.75991472248468
4VAC15-90-231 B,3,99.76027812098748
19.2-182.14,3,99.76064151949028
6.1-76(A),3,99.76100491799308
28.2-302.1,3,99.76136831649588
18.2-61A(III),3,99.76173171499866
5-77{C-IV},3,99.76209511350146
18.2-36.2,3,99.76245851200426
4VAC15-430-30,3,99.76282191050706
5.1-22,3,99.76318530900986
46-135,3,99.76354870751265
18.2-140,3,99.76391210601545
5-21,3,99.76427550451825
A.18.2-32,3,99.76463890302105
46.2-926,3,99.76500230152385
14-153,3,99.76536570002665
46.2-859,3,99.76572909852945
74-73 (74-4),3,99.76609249703225
46.2-1143,3,99.76645589553505
18.2-51.4(B),3,99.76681929403784
A.46.2-817,3,99.76718269254064
CZO 20-202,3,99.76754609104344
74-72,3,99.76790948954624
10-45 A4,3,99.76827288804904
18.2-308.1:1,3,99.76863628655184
13-27,3,99.76899968505464
46-15,3,99.76936308355742
18.2-329,3,99.76972648206022
2007-5 9.1,3,99.77008988056302
19.-305,3,99.77045327906582
18.2-96/104,3,99.77081667756862
18.2-130.1,3,99.77118007607142
46.2-341.8,3,99.77154347457422
46.2-854,3,99.77190687307701
3.2,3,99.77227027157981
59.1-92.13,3,99.77263367008261
46.2-391D2(II),3,99.77299706858541
54.1-3102,3,99.77336046708821
15-3-2,3,99.77372386559101
7.3.2,3,99.77408726409381
23-26,3,99.7744506625966
28-9,3,99.7748140610994
18.2-370(D)(I),3,99.7751774596022
18.2-1921A,3,99.775540858105
46.2-2130,3,99.7759042566078
A.46.2-704,3,99.7762676551106
10-70,3,99.77663105361339
92-146.2-707,3,99.77699445211618
18.2-250(A)(B),3,99.77735785061898
18.2-128(B),3,99.77772124912178
5-501,3,99.77808464762458
46.2-810.1,3,99.77844804612738
18.2-429.1,3,99.77881144463018
CIVIL,3,99.77917484313298
43-9,3,99.77953824163578
46.2-1105,3,99.77990164013858
"18.2-248(C,4)",3,99.78026503864137
34-189,3,99.78062843714417
46.2-391D2II,3,99.78099183564697
10-256,3,99.78135523414977
46.2-1047,3,99.78171863265257
28-30,3,99.78208203115537
6-58,3,99.78244542965817
18.2-504.1,3,99.78280882816097
46.2-391D2(I),3,99.78317222666377
21-1/18.2-103,3,99.78353562516656
13.23,3,99.78389902366935
19.2-123D,3,99.78426242217215
2026-12-17 00:00:00,3,99.78462582067495
46.2-335(D),3,99.78498921917775
18.1-214,3,99.78535261768054
46.2-818.2(D),3,99.78571601618334
21-1/46.2-820,3,99.78607941468614
4VAC15-90-231,3,99.78644281318894
46.2-814,3,99.78680621169174
3.2-1003,3,99.78716961019454
18.2-46.5,3,99.78753300869734
6.1-77,3,99.78789640720014
21-1/46.2-864,3,99.78825980570294
21-1/46.2-1066,3,99.78862320420573
18.2-25,3,99.78898660270853
19.6-305,3,99.78935000121133
18.2-30,3,99.78971339971413
18.2-61(A)(III),3,99.79007679821693
18.2-206,3,99.79044019671973
49CFR396.3,3,99.79080359522253
18.2-18,3,99.79116699372531
49CFR396.17,3,99.79153039222811
18.2-514C,3,99.79189379073091
49CFR395.8,3,99.79225718923371
4.1-317,3,99.79262058773651
21-1/46.2-802,3,99.7929839862393
21-1/46.2-328,3,99.7933473847421
2026-05-28 00:00:00,3,99.7937107832449
21-1/18.2-96,3,99.7940741817477
10-62,3,99.7944375802505
46.2-829,3,99.7948009787533
46-3,3,99.7951643772561
A.46.2-803,3,99.7955277757589
18.2-58(B)(2),3,99.7958911742617
18.2-23(B),3,99.7962545727645
18.2-50.3,3,99.7966179712673
46.2-1250,3,99.7969813697701
53.1-203(4),3,99.7973447682729
3,3,99.79770816677569
18.2-26/18.2-47,3,99.79807156527849
21-1/46.2-859,3,99.79843496378128
18.2-370.01,3,99.79879836228407
19.2-182.15,3,99.79916176078687
32.1-276,3,99.79952515928967
18.2-308.012(A),3,99.79988855779247
46.2-1056,3,99.80025195629527
18.2-22/58,2,99.8004942219638
18.2-423.2,2,99.80073648763234
29.1-530.2,2,99.80097875330087
"2007-5, 9.1",2,99.8012210189694
2007-5 5.1,2,99.80146328463793
0180-9-2,2,99.80170555030647
18.2-46.1,2,99.801947815975
21-1/46.2-869,2,99.80219008164353
"18.2-456 (A,5)",2,99.80243234731206
46.2-391D(2)II,2,99.8026746129806
37.2-918,2,99.80291687864913
19.2-306(B),2,99.80315914431766
18.2-248C,2,99.8034014099862
18.2-370(D)(II),2,99.80364367565473
46.2-851,2,99.80388594132326
18.2-22/53.1,2,99.80412820699179
21-207,2,99.80437047266032
2026-05-01 00:00:00,2,99.80461273832886
18.2-22/18.2-94,2,99.80485500399739
18.2-323,2,99.80509726966592
19.2-266,2,99.80533953533445
35.2-43.3,2,99.80558180100299
18.2-308.01,2,99.8058240666715
46.2-1038,2,99.80606633234004
"18.2-370(A,4)",2,99.80630859800857
29.1-808,2,99.8065508636771
18.2-22/95,2,99.80679312934564
92-146.2-1158,2,99.80703539501417
14.2-17,2,99.8072776606827
28-12(18.2-388),2,99.80751992635123
18.2-504,2,99.80776219201977
18.2-143,2,99.8080044576883
24-253,2,99.80824672335683
46.2-905,2,99.80848898902536
52.1-203,2,99.8087312546939
18.11,2,99.80897352036243
2026-05-11 00:00:00,2,99.80921578603096
19.2-358(A),2,99.8094580516995
18.2-460(D),2,99.80970031736803
18.2-26/18.2-63,2,99.80994258303656
46.2-1015,2,99.81018484870509
40-1.1,2,99.81042711437362
6.1-60,2,99.81066938004216
"18.2-456(A,5)",2,99.81091164571069
36.2-522,2,99.81115391137922
18.2-60.3(A),2,99.81139617704775
54.1-2902,2,99.81163844271629
54-35,2,99.81188070838482
18.2-270,2,99.81212297405335
5-168,2,99.81236523972188
B.46.2-348,2,99.81260750539042
"18.2-193(1,C)",2,99.81284977105895
G.18.2-266,2,99.81309203672747
5-138,2,99.813334302396
33-3,2,99.81357656806453
6-166,2,99.81381883373307
23-22.1(B),2,99.8140610994016
21-1/46.2-829,2,99.81430336507013
29-5,2,99.81454563073866
46.2-855,2,99.8147878964072
26-116,2,99.81503016207573
18.2-374.3.B,2,99.81527242774426
54.2-3466,2,99.8155146934128
21-1/46.2-1139,2,99.81575695908133
62.1-194,2,99.81599922474986
18-231,2,99.81624149041839
50-33,2,99.81648375608692
53.1-37,2,99.81672602175546
29.1-738.03,2,99.81696828742399
192.-303.3,2,99.81721055309252
2026-03-30 00:00:00,2,99.81745281876105
24-40,2,99.81769508442959
21-1/46.2-329,2,99.81793735009812
46.2-341.26:3,2,99.81817961576665
23-7(B),2,99.81842188143519
54.1-3008,2,99.81866414710372
10.1-1418,2,99.81890641277225
19.2-182.7,2,99.81914867844078
18.2-268-3,2,99.81939094410932
21-1/46.2-845,2,99.81963320977785
8-127,2,99.81987547544638
2021-04-7-5,2,99.82011774111491
C.46.2-871,2,99.82036000678345
46.2-1112,2,99.82060227245196
46.2-1553,2,99.8208445381205
3.2-5407,2,99.82108680378903
58.1-2273,2,99.82132906945756
46.2-391D(2)I,2,99.8215713351261
2026-04-09 00:00:00,2,99.82181360079463
2026-04-16 00:00:00,2,99.82205586646316
18.2-407,2,99.82229813213169
25-14,2,99.82254039780022
28-12,2,99.82278266346876
28.2-231,2,99.82302492913729
18.2-266/18.2-2,2,99.82326719480582
2026-04-30 00:00:00,2,99.82350946047436
12-25,2,99.82375172614289
21-1/46.2-861.1,2,99.82399399181142
"18.2-137(B,I)",2,99.82423625747995
46.2-819.4,2,99.82447852314849
14-185,2,99.82472078881702
17-164,2,99.82496305448555
18.2-200,2,99.82520532015408
14-2,2,99.82544758582262
46.2-1048,2,99.82568985149115
52-8.4:2,2,99.82593211715968
21-1/46.2-846,2,99.82617438282821
5-24,2,99.82641664849675
21.1/46.2-862,2,99.82665891416528
6-13,2,99.82690117983381
2.2-3115,2,99.82714344550234
B.18.2-472.1,2,99.82738571117088
G.46.2-871,2,99.82762797683941
18.2-414.2,2,99.82787024250793
18.2-371(I),2,99.82811250817646
18.2-308.3,2,99.82835477384499
31-4,2,99.82859703951353
62.1-44.34:20,2,99.82883930518206
18.1-215,2,99.82908157085059
13-1-37,2,99.82932383651912
14-54,2,99.82956610218766
2026-06-28 00:00:00,2,99.82980836785619
29.1-738.2,2,99.83005063352472
O,2,99.83029289919325
2026-05-29 00:00:00,2,99.83053516486179
18.2-135,2,99.83077743053032
2026-10-03 00:00:00,2,99.83101969619885
29.1-733.6,2,99.83126196186738
29.1-735.2,2,99.83150422753592
5-534,2,99.83174649320445
31-10(33.2-802),2,99.83198875887298
18.2-51/18.2-26,2,99.83223102454151
19.2-275,2,99.83247329021005
20-69,2,99.83271555587858
21-1/46.2-1112,2,99.83295782154711
18.2-456 (A)(6),2,99.83320008721564
C.46.2-853,2,99.83344235288418
2021-4-7-4,2,99.83368461855271
29.1-521(A)(4),2,99.83392688422124
25-49,2,99.83416914988977
22-562,2,99.83441141555831
24.2-1001,2,99.83465368122684
2026-04-22 00:00:00,2,99.83489594689537
4VAC20-270-40,2,99.83513821256389
18.2-95/18.2-23,2,99.83538047823242
4-36,2,99.83562274390096
13-103,2,99.83586500956949
19.2-358 (E),2,99.83610727523802
18-30.1,2,99.83634954090655
18.2-461(I),2,99.83659180657509
21-146.2-613,2,99.83683407224362
46-156,2,99.83707633791215
2026-03-02 00:00:00,2,99.83731860358068
2026-04-01 00:00:00,2,99.83756086924922
18.2-31(6),2,99.83780313491775
3-22,2,99.83804540058628
18.2-39,2,99.83828766625481
18.2-31(8),2,99.83852993192335
25-387,2,99.83877219759188
18.2-26/58,2,99.83901446326041
20-101(C),2,99.83925672892894
"18.2-370(A,1)",2,99.83949899459748
24-37,2,99.83974126026601
3-19,2,99.83998352593454
6-94,2,99.84022579160307
A.18.2-90,2,99.84046805727161
25-54,2,99.84071032294014
10-45(A),2,99.84095258860867
3.2-6540.03,2,99.8411948542772
16.1-241.2,2,99.84143711994574
18.2-355(2),2,99.84167938561427
19.1-53,2,99.8419216512828
3.2-6500,2,99.84216391695134
18.2-368,2,99.84240618261985
20-86,2,99.84264844828839
46.2-1104,2,99.84289071395692
46.2-1078.1A,2,99.84313297962545
32-91,2,99.84337524529398
18.2-403.1,2,99.84361751096252
54-33 18.2-388,2,99.84385977663105
NONE,2,99.84410204229958
10-3-0804,2,99.84434430796811
18.2-308(A)(I),2,99.84458657363665
10-3-1157,2,99.84482883930518
14.5-4,2,99.84507110497371
5-51,2,99.84531337064224
18.2-456(6)(A),2,99.84555563631078
5-71,2,99.84579790197931
"18.2-67.3 (A,3)",2,99.84604016764784
18-1,2,99.84628243331638
33.2-501,2,99.84652469898491
18.2-67.3(A4A),2,99.84676696465344
18.2-460 (E),2,99.84700923032197
46.2-1012,2,99.8472514959905
7-43,2,99.84749376165904
46.2-1155,2,99.84773602732757
4.1-1108,2,99.8479782929961
A.46.2-858,2,99.84822055866464
46.2-391D1,2,99.84846282433317
23-22.1(A),2,99.8487050900017
74-63,2,99.84894735567023
4-244,2,99.84918962133877
C.46.2-1095,2,99.8494318870073
34-188,2,99.84967415267583
54-31(18.2-415),2,99.84991641834435
42.7,2,99.85015868401288
53.1-149,2,99.85040094968141
4VAC15-90-231A,2,99.85064321534995
16.1-253.2(A),2,99.85088548101848
46.2-335(H),2,99.85112774668701
7-48,2,99.85137001235555
13-6,2,99.85161227802408
10.1-1142,2,99.85185454369261
3.2-6540.04,2,99.85209680936114
21-8,2,99.85233907502968
18.2-42.1,2,99.85258134069821
4.1-303,2,99.85282360636674
40-7,2,99.85306587203527
USBC 108.1,2,99.8533081377038
18.2-308.1:6,2,99.85355040337234
USBC 114.1,2,99.85379266904087
18.2-26/18.2-77,2,99.8540349347094
18.2-429(A),2,99.85427720037794
19.2-152.8,2,99.85451946604647
25-293.1,2,99.854761731715
21-1/46.2-1242,2,99.85500399738353
50-73,2,99.85524626305207
19.2-360,2,99.8554885287206
70-14,2,99.85573079438913
18.1-213,2,99.85597306005766
10-3-0833,2,99.8562153257262
19.2-456,2,99.85645759139473
15.2-1218,2,99.85669985706326
13-1-33,2,99.8569421227318
18.2-268.2,2,99.85718438840031
78.2-6-146,2,99.85742665406885
10-68,2,99.85766891973738
18.2-57C,2,99.85791118540591
23-43.2,2,99.85815345107444
29.1-523.1,2,99.85839571674298
18.2-57 (C),2,99.85863798241151
5-42,2,99.85888024808004
18.2-32/22,2,99.85912251374857
3.2-6503(A)(6),2,99.8593647794171
20-115,2,99.85960704508564
18.2-308.2 AIII,2,99.85984931075417
B.46.2-819.1,2,99.8600915764227
16.1-264,2,99.86033384209124
18.2-308.1(B),2,99.86057610775977
3.2-6508,2,99.8608183734283
58.1-1017.4,2,99.86106063909683
46.2-1057,2,99.86130290476537
4VAC20-752-30,2,99.8615451704339
4VAC15-390-140,2,99.86178743610243
46.2-391D3,2,99.86202970177096
18.2-58/18.2-22,2,99.8622719674395
18.2-52.2,2,99.86251423310803
654.09,2,99.86275649877656
58.1-452,2,99.8629987644451
4-66,2,99.86324103011363
18.2-365,2,99.86348329578216
21-1/18.2-308,2,99.86372556145069
46.2-817 (B),2,99.86396782711923
18.2-58(1),2,99.86421009278776
25-226,2,99.86445235845628
21.1/46.2-613(1,2,99.86469462412481
18.2-346.01(II),2,99.86493688979334
46.2-2099.1,2,99.86517915546187
21-1/46.2-1049,2,99.8654214211304
18.2-36.1(B),2,99.86566368679894
18.2-357.1(A),2,99.86590595246747
A.46.2-855,2,99.866148218136
14-27,2,99.86639048380454
54.1-3469,2,99.86663274947307
25-178,2,99.8668750151416
10-306.1,2,99.86711728081013
8-310,2,99.86735954647867
10.1-1455,2,99.8676018121472
46.2-1200.1,2,99.86784407781573
18.2-287.4(II),2,99.86808634348426
54.1-3446,2,99.8683286091528
18.2-119.1,2,99.86857087482133
18.2-308.5,2,99.86881314048986
24-187,2,99.8690554061584
18.2-477.1,2,99.86929767182693
30-5,2,99.86953993749546
2020-05-2-1,2,99.869782203164
14-155,2,99.87002446883253
9.1-147,2,99.87026673450106
21-1/46.2-1157,2,99.87050900016959
2.2-3103,2,99.87075126583812
32.1-164,2,99.87099353150666
46.2-1508,2,99.87123579717519
7-36,2,99.87147806284372
18.2-48(I),2,99.87172032851224
22.1-258,2,99.87196259418077
27-27,2,99.8722048598493
32-118,2,99.87244712551784
3.2-6588,2,99.87268939118637
19.2-124,2,99.8729316568549
8.7,2,99.87317392252343
3.2-6539,2,99.87341618819197
60.2-627,2,99.8736584538605
49CFR391.41A,2,99.87390071952903
21-1/46.2-910,2,99.87414298519757
4VAC5-30-130,2,99.8743852508661
19.1-6,2,99.87462751653463
16.1-13,2,99.87486978220316
19-12,2,99.8751120478717
38-3/1-9,2,99.87535431354023
24-39,1,99.8754754463745
18.2.61,1,99.87559657920876
.46.2-862,1,99.87571771204303
28.2-241,1,99.8758388448773
21-1/18.2-387,1,99.87595997771156
46.2-613.1,1,99.87608111054583
18.2-308.2(A0,1,99.87620224338009
2026-05-19 00:00:00,1,99.87632337621436
4VAC20-1090-30,1,99.87644450904862
21-1/46.2-894,1,99.87656564188289
/46.2-300,1,99.87668677471716
6.1.51,1,99.87680790755142
46.2-391.01,1,99.87692904038569
21-1/18.2-250.1,1,99.87705017321996
28.2-712,1,99.87717130605422
16.2-253.2(C),1,99.87729243888849
19.2-20,1,99.87741357172276
6.2-51,1,99.87753470455702
36-106(A),1,99.87765583739129
21-1/46.2-924,1,99.87777697022555
18.2-456(E),1,99.87789810305982
21-1/46.2-704,1,99.87801923589409
21-1/46.2-1105,1,99.87814036872835
21-146.2-613(1),1,99.87826150156262
5-79 (3.2-6503),1,99.87838263439689
5-77 (3.2-6570),1,99.87850376723115
18.2-203(4),1,99.87862490006542
Z.18.2-67.2,1,99.87874603289968
21-1/46.2-868,1,99.87886716573395
18.2-248(E1),1,99.87898829856822
18-23,1,99.87910943140247
18.2-8,1,99.87923056423674
21-1/18.2-119,1,99.879351697071
019.2-306,1,99.87947282990527
23-22/46.2-875,1,99.87959396273953
23-41(18.2-146),1,99.8797150955738
27-6,1,99.87983622840807
54-202,1,99.87995736124233
18.2-26/18.2-59,1,99.8800784940766
21-600,1,99.88019962691087
25-165,1,99.88032075974513
21-2/46.2-862,1,99.8804418925794
4VAC-20-280-30,1,99.88056302541366
A.46.2-1078.1,1,99.88068415824793
18.2-53`,1,99.8808052910822
18.2-26/18.2-90,1,99.88092642391646
46.2-341.20:7,1,99.88104755675073
"18.2-456(A,3)",1,99.881168689585
21-1/46.2-1110,1,99.88128982241926
\46.2-862,1,99.88141095525353
46.2-862 (I),1,99.8815320880878
418.2-456(6),1,99.88165322092206
21-/46.2-875,1,99.88177435375633
46.2-203,1,99.8818954865906
21-1/46.2-1072,1,99.88201661942486
18.2-248(J),1,99.88213775225913
21-1/46.2-921,1,99.88225888509339
"18.2-250(A,2)",1,99.88238001792766
B.46.2-1156,1,99.88250115076193
21-1/46.2-848,1,99.88262228359619
46.2-1086,1,99.88274341643046
15.2-915.2,1,99.88286454926472
25-85,1,99.88298568209899
22-11(18.2-387),1,99.88310681493326
21-1/46.2-307,1,99.88322794776752
18.2-388  54-33,1,99.88334908060179
23-50.1,1,99.88347021343606
29.73.1,1,99.88359134627032
24.1-335,1,99.88371247910459
11.1A-26,1,99.88383361193885
46.2-853 (26.8),1,99.88395474477312
18.2-374.2,1,99.88407587760739
18.2-164(A),1,99.88419701044165
"18.2-67.3(A,2)",1,99.88431814327592
46.2-1058,1,99.88443927611019
9-102,1,99.88456040894445
46.2-360(1),1,99.88468154177872
"18.2-60(A,1)",1,99.88480267461298
46.2-817 (A),1,99.88492380744725
46.2-888(C ),1,99.88504494028152
28.2-516,1,99.88516607311578
19/2-472.1(B),1,99.88528720595005
18.2-31(4),1,99.88540833878432
3.2-6510(A),1,99.88552947161858
19.2-305.1(F)(2,1,99.88565060445285
6-2.1,1,99.88577173728712
(26.8)46.2-1030,1,99.88589287012138
13-186,1,99.88601400295565
27-7,1,99.88613513578991
18.2-51.4(A),1,99.88625626862418
18.2-371.1 (A),1,99.88637740145843
26-3.1,1,99.8864985342927
41-80,1,99.88661966712696
54-31(A),1,99.88674079996123
418.2-104,1,99.8868619327955
18.2-356(II),1,99.88698306562976
74-55,1,99.88710419846403
18.2-355(I),1,99.8872253312983
"18.2-137(B,1)",1,99.88734646413256
26-8 (46.2-357),1,99.88746759696683
46.2-391D(2),1,99.8875887298011
18.2-67.3.A.1,1,99.88770986263536
18.2-61A (III),1,99.88783099546963
50-35,1,99.8879521283039
18.1-309,1,99.88807326113816
2002-10-04 00:00:00,1,99.88819439397243
2023-10-04 00:00:00,1,99.8883155268067
13-1-29,1,99.88843665964096
"16.1-292 (A,I)",1,99.88855779247523
53.1.-131.1,1,99.88867892530949
18.2-308A (GG),1,99.88880005814376
19.2-354,1,99.88892119097802
14.2-646,1,99.88904232381229
18.250.1,1,99.88916345664656
24-184,1,99.88928458948082
C.46.2-341.24,1,99.88940572231509
4-11,1,99.88952685514936
16.1-278.14,1,99.88964798798362
26-23,1,99.88976912081789
46.2-1542,1,99.88989025365215
18.2-53-1,1,99.89001138648642
46.2-391D2AII,1,99.89013251932069
46.2-391D(1),1,99.89025365215495
18.2-285,1,99.89037478498922
46.2-1005,1,99.89049591782349
18.2-263.3,1,99.89061705065775
5-8,1,99.89073818349202
53.1-203(%),1,99.89085931632629
26-51,1,99.89098044916055
5-39,1,99.89110158199482
D46.2-894,1,99.89122271482908
99VCC999.120,1,99.89134384766335
"18.2-370(D,I)",1,99.89146498049762
28-30 (18.2-119,1,99.89158611333188
19-334,1,99.89170724616615
18.2-22/18.2-81,1,99.89182837900042
58.1-4138,1,99.89194951183468
18.2-514(A),1,99.89207064466895
18.2-379,1,99.89219177750321
19.2-58,1,99.89231291033748
18.2-160.1(A),1,99.89243404317175
19.2-152 4:1,1,99.89255517600601
18.2-209,1,99.89267630884028
A.18.2-96,1,99.89279744167455
3.2-6540 SEC P,1,99.89291857450881
18.2-248.7,1,99.89303970734308
3.2-6540 SEC/ P,1,99.89316084017734
53.1-161,1,99.89328197301161
C.46.2-864,1,99.89340310584588
0A.46.2-862,1,99.89352423868014
46.2-391D(2) II,1,99.89364537151441
195-7,1,99.89376650434866
46.2-929,1,99.89388763718293
98.633,1,99.8940087700172
46.2-370,1,99.89412990285146
16.1-279,1,99.89425103568573
46.2-1119,1,99.89437216852
18.2-3741:1,1,99.89449330135426
46.2-612(B),1,99.89461443418853
"18.2-374.1(B,1)",1,99.89473556702279
46.2-873(P),1,99.89485669985706
18.2-461(III),1,99.89497783269132
33-6,1,99.89509896552559
46.2-1529,1,99.89522009835986
A.46.2-348,1,99.89534123119412
28.12,1,99.89546236402839
46.2-818.1,1,99.89558349686266
18.2-250 (A),1,99.89570462969692
171-43,1,99.89582576253119
18.2-195 (2),1,99.89594689536546
29-18,1,99.89606802819972
6-33,1,99.89618916103399
46.2-914,1,99.89631029386825
29-16.1,1,99.89643142670252
27-73 (D),1,99.89655255953679
B. 46.2-863,1,99.89667369237105
29-46A,1,99.89679482520532
19-3,1,99.89691595803959
780123N,1,99.89703709087385
46-184,1,99.89715822370812
25-257,1,99.89727935654238
18.2-53.1;  32,1,99.89740048937665
45-503,1,99.89752162221092
18.2-31(2),1,99.89764275504518
10-43(A),1,99.89776388787945
18.2-250.3,1,99.89788502071372
28.2-523,1,99.89800615354798
6-58 (3.2-6570),1,99.89812728638225
28-30(18.2-119),1,99.89824841921651
16.1-3.1,1,99.89836955205078
13-31,1,99.89849068488505
;21-1/46.2-875,1,99.89861181771931
10-45(A-4),1,99.89873295055358
2026-10-02 00:00:00,1,99.89885408338785
311.2.2,1,99.89897521622211
311.3,1,99.89909634905638
S-79,1,99.89921748189064
418.2-456,1,99.89933861472491
40-16.1,1,99.89945974755918
24-32,1,99.89958088039344
46.2-916.1,1,99.89970201322771
B. 2-1110,1,99.89982314606198
18.20-323.1,1,99.89994427889624
53.1-210,1,99.90006541173051
2024-04-7-4,1,99.90018654456478
2021-04-8-5,1,99.90030767739904
18.2-308.1:4(A),1,99.90042881023331
31424,1,99.90054994306757
6-2B,1,99.90067107590184
18.2-308.2:5(D),1,99.9007922087361
C18.2-266,1,99.90091334157037
113.3,1,99.90103447440463
4.1-314,1,99.90115560723889
C18.2-456,1,99.90127674007316
53.1-131,1,99.90139787290742
75-28B,1,99.90151900574169
32.1-162.15,1,99.90164013857596
32.1-162.15:1,1,99.90176127141022
46.2-836,1,99.90188240424449
18.2-57.01,1,99.90200353707876
26-41,1,99.90212466991302
311.2.1,1,99.90224580274729
46.2-724,1,99.90236693558155
18.2-160,1,99.90248806841582
46. 2-816,1,99.90260920125009
4.1-1100(B),1,99.90273033408435
2026-02-07 00:00:00,1,99.90285146691862
46.2-1209,1,99.90297259975289
78-5,1,99.90309373258715
49CFR393.1,1,99.90321486542142
58.1-1816,1,99.90333599825568
15-101,1,99.90345713108995
61823,1,99.90357826392422
46.2-1039,1,99.90369939675848
30-9,1,99.90382052959275
46.2-391D(3),1,99.90394166242702
18.2-248(A),1,99.90406279526128
46.2-301.1E,1,99.90418392809555
18.2-375,1,99.90430506092981
15-4,1,99.90442619376408
4-61,1,99.90454732659835
4-40,1,99.90466845943261
18.2-260,1,99.90478959226688
2002-05-7-2,1,99.90491072510115
6-63,1,99.90503185793541
142.101,1,99.90515299076968
18.2-340.37,1,99.90527412360395
15.2-1113,1,99.90539525643821
4-39,1,99.90551638927248
18.2-156,1,99.90563752210674
18.2-,1,99.90575865494101
18.2-45,1,99.90587978777528
14-102 B.3.A,1,99.90600092060954
18.2-817,1,99.90612205344381
18.2-308.4 (C),1,99.90624318627808
18.2-248.03(A),1,99.90636431911234
17-13,1,99.90648545194661
5-125.1,1,99.90660658478087
21-1/49CFR391,1,99.90672771761514
5-12.1,1,99.9068488504494
46.2-341.7(B),1,99.90696998328367
14.2-65(E),1,99.90709111611794
18.2-147.2,1,99.9072122489522
19.2-.05,1,99.90733338178647
19.2-36,1,99.90745451462074
A.49CFR391.43,1,99.907575647455
18..2-456(5),1,99.90769678028927
21-/46.2-341.21,1,99.90781791312354
7-148/46.2-888,1,99.9079390459578
21-1/46.2-1081,1,99.90806017879207
3.2-6503 A6,1,99.90818131162634
4VAC15-240-81,1,99.9083024444606
58.1-2268,1,99.90842357729485
21-1/46.2-349,1,99.90854471012912
7-148/46.2-862,1,99.90866584296339
7.148,1,99.90878697579765
18.2-195(4),1,99.90890810863192
B46.2-301,1,99.90902924146619
29-10 (1),1,99.90915037430045
8.2-26,1,99.90927150713472
18.2-370(A)(4),1,99.90939263996898
1B.46.2-301,1,99.90951377280325
A.18.2-117,1,99.90963490563752
30-100-15,1,99.90975603847178
40.1-103(A),1,99.90987717130605
28-11,1,99.90999830414032
46.2-893,1,99.91011943697458
2026-08-11 00:00:00,1,99.91024056980885
13-32,1,99.91036170264312
18.2-10,1,99.91048283547738
13.186,1,99.91060396831165
14.4,1,99.91072510114591
2026-05-20 00:00:00,1,99.91084623398018
"18.2-77(A,I)",1,99.91096736681445
12-117,1,99.91108849964871
26-121,1,99.91120963248298
18.22,1,99.91133076531725
26-2,1,99.91145189815151
21-57,1,99.91157303098578
656.04,1,99.91169416382004
"18.2-61(A, III)",1,99.91181529665431
6-5(A),1,99.91193642948858
21-1,1,99.91205756232284
(E)18.2-460,1,99.91217869515711
54.1-111(A)(1),1,99.91229982799138
23-41,1,99.91242096082564
11.1  8-128,1,99.91254209365991
4.1-1100(C),1,99.91266322649417
999999999,1,99.91278435932844
NOT GIVEN,1,99.91290549216271
10/2-306,1,99.91302662499697
18.2-23/18.2-65,1,99.91314775783124
9.2-902,1,99.9132688906655
A.18.2-308.2,1,99.91339002349977
14-50,1,99.91351115633404
16.2-61,1,99.9136322891683
21-1/46.2-1092,1,99.91375342200257
14.5(6),1,99.91387455483684
4VAC-15-430-160,1,99.9139956876711
2026-03-03 00:00:00,1,99.91411682050537
49CFR392.4,1,99.91423795333964
4VAC15-40-60,1,99.9143590861739
B.46.2-1052,1,99.91448021900817
18.2-371.1:1(A),1,99.91460135184244
13-401C.3,1,99.9147224846767
13-254/46.2-301,1,99.91484361751097
18.2-67.5(C),1,99.91496475034523
3.2-6503 (A3),1,99.9150858831795
86-11,1,99.91520701601377
18.2-111/104,1,99.91532814884803
46.2-857,1,99.9154492816823
63.2-1218,1,99.91557041451657
19.2.303.3,1,99.91569154735082
18.2-355(4),1,99.91581268018508
18.2-67.3(1),1,99.91593381301935
18.2-382,1,99.91605494585362
4VAC15-40-281,1,99.91617607868788
29.1-408,1,99.91629721152215
9-22.5,1,99.91641834435642
46-5,1,99.91653947719068
19.2-303:3,1,99.91666061002495
19.2-306.1,1,99.91678174285921
4-304,1,99.91690287569348
Z.18.2-89,1,99.91702400852775
54.111(A1),1,99.91714514136201
4VAC20-700-20,1,99.91726627419628
4VAC-15-430-30,1,99.91738740703055
18.2-71,1,99.91750853986481
49CFR390.21,1,99.91762967269908
49CFR393.209,1,99.91775080553334
18.2-67.4(I),1,99.91787193836761
21-1/46.2-1078,1,99.91799307120188
19-38B,1,99.91811420403614
21.1/46.2-816,1,99.91823533687041
3300,1,99.91835646970468
3.1-796.122,1,99.91847760253894
1A.8.2-266,1,99.91859873537321
46.2.833,1,99.91871986820748
ZONING SEC. 3-2,1,99.91884100104174
54-156,1,99.91896213387601
4VAC20-720-80,1,99.91908326671027
3.2-6574,1,99.91920439954454
B.46.2-391,1,99.9193255323788
11-32,1,99.91944666521307
2017-03-01 00:00:00,1,99.91956779804734
23-51(D),1,99.9196889308816
13-26(18.2-119),1,99.91981006371587
46.2-182,1,99.91993119655014
3.2-6524(A),1,99.9200523293844
3.2-6521(A),1,99.92017346221867
19.2-297.1,1,99.92029459505294
2026-10-17 00:00:00,1,99.9204157278872
74.4-46.2,1,99.92053686072147
66-25,1,99.92065799355574
74-250,1,99.92077912639
46-2-1158,1,99.92090025922427
49CFR393.9A,1,99.92102139205853
2026-04-08 00:00:00,1,99.9211425248928
18.2-456.5,1,99.92126365772707
18.2-186.3(A)(2,1,99.92138479056133
18.2-347.1:1,1,99.9215059233956
18.-456,1,99.92162705622987
46.2-1121,1,99.92174818906413
165-502.04,1,99.9218693218984
5.5-17,1,99.92199045473266
18.2-374.3(C0,1,99.92211158756693
15-1 APPENDIX B,1,99.9222327204012
18.2-889,1,99.92235385323546
192-152.4:1,1,99.92247498606973
38-36,1,99.922596118904
58-163,1,99.92271725173826
16-6-41,1,99.92283838457253
28.2-708,1,99.9229595174068
9.2-62,1,99.92308065024105
19.2-163,1,99.92320178307531
40.1-7.3 (B) 1,1,99.92332291590958
22-295,1,99.92344404874385
66-56(C)(3),1,99.92356518157811
4-31(A),1,99.92368631441238
79-2,1,99.92380744724665
21-2,1,99.92392858008091
A.46.2-871,1,99.92404971291518
70.03,1,99.92417084574944
10.1-1007,1,99.92429197858371
4.1-316,1,99.92441311141798
18.2-429(B),1,99.92453424425224
18.2-456.A.5,1,99.92465537708651
4-56,1,99.92477650992078
38-31,1,99.92489764275504
18.2-47A,1,99.92501877558931
4VAC-20-140-25,1,99.92513990842357
29.1-554.1,1,99.92526104125784
28.2-705,1,99.9253821740921
28.2-702,1,99.92550330692637
78.2-6-14,1,99.92562443976064
78-158,1,99.9257455725949
18.2-272(A)(III,1,99.92586670542917
16.2-253.3,1,99.92598783826344
6.1-8,1,99.9261089710977
18.2-22/32,1,99.92623010393197
18.2-326,1,99.92635123676624
22-8,1,99.9264723696005
29.1-521.1,1,99.92659350243477
18.2-232.1,1,99.92671463526904
10-319,1,99.9268357681033
29.1-521(6),1,99.92695690093757
29-36,1,99.92707803377183
18.2-108.01(B),1,99.9271991666061
18.2-108(B),1,99.92732029944037
78-344(B),1,99.92744143227463
29-41,1,99.9275625651089
PCC 2-26,1,99.92768369794317
6.1-50,1,99.92780483077743
22-146,1,99.9279259636117
16-1.1,1,99.92804709644597
25-156,1,99.92816822928023
21-85,1,99.9282893621145
13-344,1,99.92841049494876
23.8,1,99.92853162778303
46.2-391D(I),1,99.9286527606173
46-208,1,99.92877389345156
18.2-193 (1)(C),1,99.92889502628583
6-88 (3.2-6521),1,99.9290161591201
18.2-101,1,99.92913729195436
18.2-45(5),1,99.92925842478863
10-3-0859,1,99.9293795576229
18.2-204,1,99.92950069045716
10-3-0862,1,99.92962182329143
3.1-796.68,1,99.9297429561257
10-3-0300,1,99.92986408895996
3-2-0326,1,99.92998522179423
10-3-0613,1,99.93010635462849
15.2-2286(A)(5),1,99.93022748746276
3.2-6542.1,1,99.93034862029702
18.2-465.1,1,99.93046975313128
4VAC15-430-190,1,99.93059088596554
18.2-460 (B),1,99.93071201879981
62-29,1,99.93083315163408
A. 46.2-852,1,99.93095428446834
10-45 (A6),1,99.93107541730261
18.2-186.3(B)1,1,99.93119655013687
10-45(A4),1,99.93131768297114
SECTION 22-4,1,99.93143881580541
5-36,1,99.93155994863967
21-29 (B),1,99.93168108147394
58.1-4126,1,99.9318022143082
15.2-1209,1,99.93192334714247
46.-157,1,99.93204447997674
18.2-456(1)(6),1,99.932165612811
4VAC15-420-100,1,99.93228674564527
18.2-456 (A)(1),1,99.93240787847954
46-17,1,99.9325290113138
18.2-456 (5),1,99.93265014414807
10-45(A)(6),1,99.93277127698234
26-129,1,99.9328924098166
19.2-358(B),1,99.93301354265087
18.2-61(B<2),1,99.93313467548514
18.2-67.3(A.1),1,99.9332558083194
13-6(16),1,99.93337694115367
319.2-306,1,99.93349807398793
B 46.2-301,1,99.9336192068222
46.2-612 (1),1,99.93374033965647
18.2-23/18.2-58,1,99.93386147249073
54-122,1,99.933982605325
46.2-81,1,99.93410373815927
18.2-58 (B)(2),1,99.93422487099353
23-22.1(4.1-308,1,99.9343460038278
21-1/46.2-656,1,99.93446713666206
54.1-1115(B),1,99.93458826949633
B.46.2-829,1,99.9347094023306
99VCC999.048,1,99.93483053516486
3.2-6587(A)(2),1,99.93495166799913
4VAC15-90-231B,1,99.9350728008334
2VAC5-321-30(B),1,99.93519393366766
58.1-3,1,99.93531506650193
21-1/46.2-606,1,99.9354361993362
25.218(10),1,99.93555733217046
129.2-306,1,99.93567846500473
46.2-334.01,1,99.935799597839
18.2-58.1(A),1,99.93592073067326
18.2-248  (C),1,99.93604186350753
18.2-61(B)(2),1,99.93616299634179
21-3,1,99.93628412917606
318.2-456(A)(6),1,99.93640526201033
10.1-1424,1,99.93652639484459
21-1/.46.2-1158,1,99.93664752767886
30-10,1,99.93676866051312
25-293.2,1,99.93688979334739
14.2-56,1,99.93701092618166
14.5-5,1,99.93713205901592
25-119,1,99.93725319185019
25-91,1,99.93737432468446
018.2-95,1,99.93749545751872
4-1,1,99.93761659035299
42-17,1,99.93773772318724
2021-04-10-1,1,99.9378588560215
4VAC15-330-60,1,99.93797998885577
158-1,1,99.93810112169004
167-2,1,99.9382222545243
16.1-11(A)(2),1,99.93834338735857
18.2-456(2),1,99.93846452019284
23.1-225,1,99.9385856530271
"18.2-456 (A,6)",1,99.93870678586137
34-146,1,99.93882791869564
18.2-29/18.2-51,1,99.9389490515299
18-11,1,99.93907018436417
18.2-22/18.2-41,1,99.93919131719844
18.2-26/18.2-41,1,99.9393124500327
46.2-823,1,99.93943358286697
16-14,1,99.93955471570123
16-14(1001.3SFP,1,99.9396758485355
26-126.1,1,99.93979698136977
19.2-128  (C),1,99.93991811420403
418.2-172,1,99.9400392470383
54.1-4018.1,1,99.94016037987257
4VAC20-890-40,1,99.94028151270683
2026-05-14 00:00:00,1,99.9404026455411
46.2-1050,1,99.94052377837536
18.2-456 (A)(5),1,99.94064491120963
F.46.2-1095,1,99.9407660440439
18.2-26/18.2-48,1,99.94088717687816
18.2-29/18.2-48,1,99.94100830971243
4VAC20-890-25,1,99.9411294425467
23-26(18.2-346),1,99.94125057538096
99VCC999.045,1,99.94137170821523
18.2-257/18.2-2,1,99.9414928410495
18.2-22/18.5-58,1,99.94161397388376
23-43(18.2-119),1,99.94173510671803
23-7(18.2-460),1,99.9418562395523
"66-203, 66-8",1,99.94197737238656
28-36,1,99.94209850522083
4VAC15-370-70,1,99.9422196380551
50-2,1,99.94234077088936
63.2-1509,1,99.94246190372363
15-6,1,99.94258303655789
1-31(2)(A),1,99.94270416939216
17-10,1,99.94282530222642
9-22.5(A),1,99.94294643506069
5-83(A3),1,99.94306756789496
B.18.2-90,1,99.94318870072922
4VAC5-30-95,1,99.94330983356349
46.2-111(C),1,99.94343096639776
18.2-250(B),1,99.94355209923202
54-5,1,99.94367323206629
18.2-32/26,1,99.94379436490055
A 18.2-272,1,99.94391549773482
118-1,1,99.94403663056909
66-258,1,99.94415776340335
46.2-301(B),1,99.94427889623762
58.1-4018.1(A),1,99.94440002907189
9-22,1,99.94452116190615
5-38(A)(3),1,99.94464229474042
63.2-522/18.-95,1,99.94476342757469
49CFR393.75,1,99.94488456040895
32.1-127.1:03,1,99.94500569324322
14-68,1,99.94512682607747
612.25,1,99.94524795891174
18.2-26/103,1,99.945369091746
18.2-22/103,1,99.94549022458027
18.2-23B/95,1,99.94561135741453
"CHPT 1,SEC 1-31",1,99.9457324902488
654.03,1,99.94585362308307
466.08,1,99.94597475591733
18.2-116,1,99.9460958887516
HCC-18-2-F,1,99.94621702158587
46.2-1017,1,99.94633815442013
18.2-51.6(B),1,99.9464592872544
2026-06-10 00:00:00,1,99.94658042008867
46.2-818.2B,1,99.94670155292293
18.2-463,1,99.9468226857572
18.2-479(B),1,99.94694381859146
2026-12-16 00:00:00,1,99.94706495142573
2026-12-25 00:00:00,1,99.94718608426
18.2-535,1,99.94730721709426
20-61,1,99.94742834992853
"18.2-67.2 (A,1)",1,99.9475494827628
"18.2-67.3 (A,1)",1,99.94767061559706
A46.2-1095,1,99.94779174843133
46.2-391(D)(2),1,99.9479128812656
18.2-126(A),1,99.94803401409986
33.1-345,1,99.94815514693413
3.2-6540.1 (D),1,99.9482762797684
22-37,1,99.94839741260266
22-10,1,99.94851854543693
22-64,1,99.94863967827119
45.2-856,1,99.94876081110546
519.2-306,1,99.94888194393972
19.2-21,1,99.94900307677399
18.2-4569(5),1,99.94912420960826
12-54.1,1,99.94924534244252
29.-521,1,99.94936647527679
49CFR391.45,1,99.94948760811106
32-250.22,1,99.94960874094532
18.2-248 (E1),1,99.94972987377959
18.2-186.2,1,99.94985100661386
16.1-269.4,1,99.94997213944812
30-85-24.55,1,99.95009327228239
18.2-67.1(A),1,99.95021440511665
62-82,1,99.95033553795092
30-41-2,1,99.95045667078519
2021-04 7-4,1,99.95057780361945
33.2-210,1,99.95069893645372
10-32,1,99.95082006928799
24-31,1,99.95094120212225
18.2-187,1,99.95106233495652
17.1-43,1,99.95118346779078
18.2-67.3(A)(2),1,99.95130460062505
21-1/46.2-860,1,99.95142573345932
21-1/18.2-308.2,1,99.95154686629358
18.2-22/18.2-31,1,99.95166799912785
21-1/46.2-1013,1,99.95178913196212
19.32-306,1,99.95191026479638
12-43.2,1,99.95203139763065
21-1/46.2-1156,1,99.95215253046491
29-17 (C),1,99.95227366329918
18.2-327.1,1,99.95239479613343
19.2-306`,1,99.9525159289677
21-1/46.2-838,1,99.95263706180197
16.1-285..1,1,99.95275819463623
99VCC999.080,1,99.9528793274705
46.2-819,1,99.95300046030476
3.2-6519,1,99.95312159313903
19.2-215.7,1,99.9532427259733
21-/46.2-613,1,99.95336385880756
"18.2-137 (B,I)",1,99.95348499164183
19.2-358 E,1,99.9536061244761
29.17,1,99.95372725731036
23-10/18.2-415,1,99.95384839014463
5-202,1,99.9539695229789
39.5-3,1,99.95409065581316
25-218(10),1,99.95421178864743
25-41,1,99.9543329214817
18.2-308.2 (A),1,99.95445405431596
46.2-612.1,1,99.95457518715023
25-163,1,99.95469631998449
21-1/46.2-1107,1,99.95481745281876
21-1/46.2-921.1,1,99.95493858565303
21-1/46.2-890,1,99.95505971848729
A. 18.2-102,1,99.95518085132156
46.2-1539,1,99.95530198415582
23-22/18.2-388,1,99.95542311699009
13-239.1,1,99.95554424982436
65-8,1,99.95566538265862
74-216,1,99.95578651549289
46.2-1601,1,99.95590764832716
14-91,1,99.95602878116142
2021-07-7-4,1,99.95614991399569
G 46.2-870,1,99.95627104682995
3.2-6510,1,99.95639217966422
9-26/304.6,1,99.95651331249849
9-26/304.2,1,99.95663444533275
9-26/304.1,1,99.95675557816702
46.2-1602,1,99.95687671100129
19.2-248,1,99.95699784383555
74-134,1,99.95711897666982
3.2-6566,1,99.95724010950408
2026-04-19 00:00:00,1,99.95736124233835
54.1-704.1,1,99.95748237517262
11.1A-18,1,99.95760350800688
18.2-308 (A),1,99.95772464084115
14-121,1,99.95784577367542
19.23-132,1,99.95796690650968
18.2-248(C.1.),1,99.95808803934395
17-21,1,99.95820917217821
2.4.14,1,99.95833030501248
5.11.3,1,99.95845143784675
A. 46.2-707,1,99.95857257068101
"46.2-391 (D,1)",1,99.95869370351528
21-146.2-646,1,99.95881483634955
26-125,1,99.95893596918381
19.1-305,1,99.95905710201808
18.2-248(C.2.),1,99.95917823485235
19.2-270,1,99.95929936768661
28.2-905,1,99.95942050052088
58-141,1,99.95954163335514
A.46.2-391D,1,99.95966276618941
4VAC15-350-60,1,99.95978389902366
46.2-612(3),1,99.95990503185793
18.2-46O,1,99.9600261646922
18.2-270.2,1,99.96014729752646
58.1-4017,1,99.96026843036073
13-95,1,99.960389563195
46.2-1109,1,99.96051069602926
396.7,1,99.96063182886353
54-33 (18.2-388,1,99.96075296169779
11-52,1,99.96087409453206
99VCC999.049,1,99.96099522736633
18.2-281,1,99.96111636020059
2026-10-09 00:00:00,1,99.96123749303486
10-211,1,99.96135862586912
22-2 18.2-266,1,99.96147975870339
18.2-287.4(I),1,99.96160089153766
106-383,1,99.96172202437192
24-7301,1,99.96184315720619
18.2-433.2,1,99.96196429004046
18.1-212,1,99.96208542287472
118.2-427,1,99.96220655570899
18.2-361.01(B),1,99.96232768854325
318.2-53.1,1,99.96244882137752
46.2-105.1,1,99.96256995421179
22,1,99.96269108704605
19.2-036,1,99.96281221988032
46.2-8611,1,99.96293335271459
18.2-456.6,1,99.96305448554885
18.2-61A.II,1,99.96317561838312
9.1-1104,1,99.96329675121738
4VAC5-30-290,1,99.96341788405165
"18.2-67.3(A,4,A",1,99.96353901688592
14-28,1,99.96366014972018
15-36,1,99.96378128255445
10-81,1,99.96390241538872
18.2-198,1,99.96402354822298
18.2-108.1(A),1,99.96414468105725
18.2-56.1(A1),1,99.96426581389152
2026-05-22 00:00:00,1,99.96438694672578
46.2-818.2A(2),1,99.96450807956005
18.2-57.2 (B),1,99.96462921239431
2026-06-11 00:00:00,1,99.96475034522858
10-3-0825,1,99.96487147806285
46.2-803,1,99.96499261089711
18.2-266.,1,99.96511374373138
A.18.2-47,1,99.96523487656565
18.2-265.5,1,99.96535600939991
18.20248C,1,99.96547714223418
219.2-306,1,99.96559827506844
218-4,1,99.96571940790271
46.2-337,1,99.96584054073698
54.1-2409.1(I),1,99.96596167357124
53.1-203(9),1,99.96608280640551
46.2-2059,1,99.96620393923978
440.04,1,99.96632507207404
90.13,1,99.96644620490831
10-79,1,99.96656733774257
4.1-1120,1,99.96668847057684
2002-11-13 00:00:00,1,99.96680960341111
18.2-248 (A),1,99.96693073624537
46.2-658,1,99.96705186907963
33-98,1,99.96717300191389
46.2-1022,1,99.96729413474816
19.2-270.1:1,1,99.96741526758242
26-8,1,99.96753640041669
46.2-613 (2),1,99.96765753325096
46.7-1092,1,99.96777866608522
7.3.2-B,1,99.96789979891949
46.2-925,1,99.96802093175376
6-25(A),1,99.96814206458802
18.2-178/95,1,99.96826319742229
4VAC5-30-300,1,99.96838433025655
28-27(18.2-137),1,99.96850546309082
3-55,1,99.96862659592509
25-218 (10),1,99.96874772875935
18.2-370.3,1,99.96886886159362
14-48,1,99.96898999442789
18.2-371.2(B),1,99.96911112726215
33-.2-802,1,99.96923226009642
3-40,1,99.96935339293069
F.46.2-876,1,99.96947452576495
92-146.2-646,1,99.96959565859922
92-146.2-715,1,99.96971679143348
92-146.2-1003,1,99.96983792426775
92-146.2-1043,1,99.96995905710202
92-146.2-606,1,99.97008018993628
92-146.2-665,1,99.97020132277055
46.2-930,1,99.97032245560482
18.2-419,1,99.97044358843908
18.2-473.1,1,99.97056472127335
46.2-885,1,99.97068585410761
27-72,1,99.97080698694188
218.2-57,1,99.97092811977615
27-68,1,99.97104925261041
"18.2-67.4 (A,I)",1,99.97117038544468
18.2-371.1 (B),1,99.97129151827895
43.9,1,99.97141265111321
18.2-45(6),1,99.97153378394748
10-82,1,99.97165491678174
4VAC20-380-60,1,99.97177604961601
20.66,1,99.97189718245028
20-66,1,99.97201831528454
46.2-301 9B),1,99.97213944811881
"18.2-61 (A,1)",1,99.97226058095308
"18.2-67.3(A,4A)",1,99.97238171378734
18.2-67.1(A)(2),1,99.97250284662161
6-78,1,99.97262397945588
18.2-61(A),1,99.97274511229014
18.2-361(B),1,99.97286624512441
18.2-374.1(,1,99.97298737795867
28.27,1,99.97310851079294
18.2-37(A),1,99.9732296436272
25-281,1,99.97335077646147
302.7,1,99.97347190929574
304.3,1,99.97359304213
302.3,1,99.97371417496427
2-6,1,99.97383530779854
9.2-12,1,99.9739564406328
30-1,1,99.97407757346707
19.2305,1,99.97419870630134
19.2-350,1,99.9743198391356
13-1-37(C-1),1,99.97444097196986
2-3-5,1,99.97456210480412
13-1-37(A)(11),1,99.97468323763839
46.2-347,1,99.97480437047265
18-2-456,1,99.97492550330692
19.2-187.2,1,99.97504663614119
18.2-374.1:1A,1,99.97516776897545
18.2-61(A)(I),1,99.97528890180972
18.2-282 (A),1,99.97541003464399
18.2-51 (A),1,99.97553116747825
5.3(3),1,99.97565230031252
18.2-175,1,99.97577343314678
19-.2-305,1,99.97589456598105
8.2,1,99.97601569881532
2021-04 VII 7-4,1,99.97613683164958
TC 26,1,99.97625796448385
18.2-327,1,99.97637909731812
18.2-465.2,1,99.97650023015238
16-183(B),1,99.97662136298665
2017-03,1,99.97674249582091
16-7-32,1,99.97686362865518
24-91,1,99.97698476148945
109.5,1,99.97710589432371
108.1,1,99.97722702715798
110.5,1,99.97734815999225
24-76,1,99.97746929282651
18.2-248.1(A)2,1,99.97759042566078
4-55,1,99.97771155849505
18.2-374.3 (D),1,99.97783269132931
18.2-67.3(A)(4),1,99.97795382416358
18.2-95 (II),1,99.97807495699784
18.2-514(C),1,99.97819608983211
18.2-308.02,1,99.97831722266638
4-96 (3.2-6521),1,99.97843835550064
4-61(3.2-6524),1,99.97855948833491
A.40.1-103,1,99.97868062116918
18-47,1,99.97880175400344
20-4,1,99.97892288683771
18.2-283,1,99.97904401967197
22-576,1,99.97916515250624
15.2-980,1,99.9792862853405
304.12,1,99.97940741817477
304.5,1,99.97952855100904
304.1,1,99.9796496838433
301.3,1,99.97977081667757
304.7,1,99.97989194951184
4.9 (F),1,99.9800130823461
F.46.2-881,1,99.98013421518037
4-35 (YORK CO.),1,99.98025534801464
18.2-374.1(B),1,99.9803764808489
46.2-804(1),1,99.98049761368317
4VAC15-360-10,1,99.98061874651744
"2007-5, 5.1",1,99.9807398793517
8.01-274.1,1,99.98086101218597
58.1-2273(1),1,99.98098214502023
99,1,99.9811032778545
19-334.1,1,99.98122441068877
13-343,1,99.98134554352303
49CFR396.9,1,99.9814666763573
46.2-1025,1,99.98158780919157
18.2-61/18.2-26,1,99.98170894202582
14.1-54,1,99.98183007486008
16.5,1,99.98195120769435
50-73(18.2-280),1,99.98207234052862
86-291,1,99.98219347336288
27-15.1,1,99.98231460619715
154.2.060,1,99.98243573903142
21-146.2-878,1,99.98255687186568
21-1/18.2-460(E,1,99.98267800469995
29-16,1,99.98279913753422
23-7(A),1,99.98292027036848
18.2-26/18.2-61,1,99.98304140320275
25-656,1,99.98316253603701
46.2.924,1,99.98328366887128
23-7.3/18.2-460,1,99.98340480170555
46.2-1309,1,99.98352593453981
19.2-327.1,1,99.98364706737408
18.2-33/18.2-32,1,99.98376820020835
21.1/46.2-1158,1,99.98388933304261
21.1/46.2-613(2,1,99.98401046587688
21-1/18.2-323.1,1,99.98413159871114
21-1/46.2-613(2,1,99.98425273154541
29-5 (A),1,99.98437386437968
38-3/18.2-280,1,99.98449499721394
18.2-250 A (B),1,99.98461613004821
54.1-3466 (B),1,99.98473726288248
6-5E,1,99.98485839571674
28.2-225,1,99.98497952855101
23-54,1,99.98510066138527
CON5035S9,1,99.98522179421954
21-1/46.2-1015,1,99.98534292705381
21.1/18.2-266,1,99.98546405988807
21.1/46.2-802,1,99.98558519272234
23-32 A1,1,99.9857063255566
21-1/46.2-806,1,99.98582745839087
14-45,1,99.98594859122514
14-44,1,99.9860697240594
19.2-359 (E),1,99.98619085689367
14-46,1,99.98631198972794
54.1-3450,1,99.9864331225622
21-1-/46.2-301,1,99.98655425539647
18.2-57 (A),1,99.98667538823074
46.2-804.2,1,99.986796521065
13.31,1,99.98691765389927
18.2-26/8.2-51,1,99.98703878673354
28.2-710,1,99.9871599195678
4.1-1100 CA1,1,99.98728105240207
16.2-133.1,1,99.98740218523633
14-109,1,99.9875233180706
2026-05-18 00:00:00,1,99.98764445090487
4VAC15-430-50,1,99.98776558373913
29.1-749.2,1,99.9878867165734
4 VAC 15-90-70,1,99.98800784940767
4VAC15-40-300,1,99.98812898224193
5.45,1,99.9882501150762
46.2-2099.48,1,99.98837124791046
18.2-350,1,99.98849238074473
15-7A,1,99.988613513579
17-7(18.2-388),1,99.98873464641326
154.2.063,1,99.98885577924753
18.2-308.4 (B),1,99.9889769120818
4VAC20-1250-30A,1,99.98909804491605
46.2-391.2,1,99.98921917775031
3-36,1,99.98934031058458
6.1-75,1,99.98946144341885
42-10,1,99.98958257625311
46.2-372,1,99.98970370908738
18.2456,1,99.98982484192165
23-7A,1,99.98994597475591
22-11.1,1,99.99006710759018
21-1/46.2-915.2,1,99.99018824042444
4VAC20-270.20,1,99.99030937325871
16.2-253,1,99.99043050609298
18.2-26/18.2-80,1,99.99055163892724
18.2-248 (J),1,99.99067277176151
25-171,1,99.99079390459578
21-7.1,1,99.99091503743004
6-16.1B,1,99.99103617026431
18.2-36.1(A),1,99.99115730309857
2026-06-23 00:00:00,1,99.99127843593284
6-54,1,99.99139956876711
46.2-1068,1,99.99152070160137
46.2-1110,1,99.99164183443564
18.2-248.1/54.1-3466,1,99.9917629672699
14-5.1,1,99.99188410010417
4VAC15-40-280,1,99.99200523293844
3-34,1,99.9921263657727
3-51,1,99.99224749860697
3-46,1,99.99236863144124
38-161,1,99.9924897642755
3.2-6530,1,99.99261089710977
3-46/3.2-6538,1,99.99273202994404
3-51/3.2-6521,1,99.9928531627783
3-30/3.2-6524,1,99.99297429561257
54-7,1,99.99309542844684
2026-04-10 00:00:00,1,99.9932165612811
18.2-456(1)(5),1,99.99333769411537
49CFR393.100,1,99.99345882694963
16-8,1,99.9935799597839
10-140,1,99.99370109261817
18.2-456(A) (1),1,99.99382222545243
19.2-271.1,1,99.9939433582867
10-45(A-6),1,99.99406449112097
3.2-6503.01,1,99.99418562395523
74-191,1,99.9943067567895
19.2-340,1,99.99442788962376
18.2-371(II),1,99.99454902245803
18.2-67.4(A.I),1,99.9946701552923
46.2-1083,1,99.99479128812656
10-22.1,1,99.99491242096083
46.2-878.2:1,1,99.9950335537951
46.2-2129,1,99.99515468662936
53.1-204,1,99.99527581946363
50-61,1,99.9953969522979
46.2-464,1,99.99551808513216
54.5,1,99.99563921796643
53.1-205(5),1,99.9957603508007
63.2-1712,1,99.99588148363496
18-91,1,99.99600261646923
21-186,1,99.9961237493035
24-18,1,99.99624488213776
7-49,1,99.99636601497201
\,1,99.99648714780628
19.2-158,1,99.99660828064054
46.2-828.1,1,99.99672941347481
46.2-828,1,99.99685054630908
18.2-391,1,99.99697167914334
18.2-67.1(A)III,1,99.99709281197761
"18,2-57 (C)",1,99.99721394481188
18.2-460 E,1,99.99733507764614
2026-05-06 00:00:00,1,99.99745621048041
53.1-203(8),1,99.99757734331467
9.1-145,1,99.99769847614894
21,1,99.9978196089832
118.2-456,1,99.99794074181747
F46.2-874,1,99.99806187465174
2020-05-7-5,1,99.998183007486
46.2-666,1,99.99830414032027
53.1-203(2),1,99.99842527315454
18.2-387/22-2,1,99.9985464059888
8.2/8.3/503.1,1,99.99866753882307
18.2-91/18.2-26,1,99.99878867165734
2020-05-2-6,1,99.9989098044916
2020-5-7-5B,1,99.99903093732587
18.2-96 & 104,1,99.99915207016014
2021-04-7-4A2,1,99.9992732029944
29.1-354,1,99.99939433582867
21-04-7-4,1,99.99951546866293
2021-04-1-1,1,99.9996366014972
46.2-819.2,1,99.99975773433147
18.2-234,1,99.99987886716573
9.1-149,1,100.0
